-- Adminer 4.8.1 MySQL 8.0.31 dump

SET NAMES utf8;
SET time_zone = '+00:00';
SET foreign_key_checks = 0;
SET sql_mode = 'NO_AUTO_VALUE_ON_ZERO';

CREATE DATABASE `sysel` /*!40100 DEFAULT CHARACTER SET utf8mb3 */ /*!80016 DEFAULT ENCRYPTION='N' */;
USE `sysel`;

DROP TABLE IF EXISTS `address`;
CREATE TABLE `address` (
  `id` int unsigned NOT NULL AUTO_INCREMENT,
  `street` varchar(64) CHARACTER SET utf8mb3 COLLATE utf8mb3_general_ci NOT NULL,
  `city` varchar(45) NOT NULL,
  `zip` varchar(10) CHARACTER SET utf8mb3 COLLATE utf8mb3_general_ci NOT NULL,
  `country` varchar(45) NOT NULL,
  PRIMARY KEY (`id`),
  UNIQUE KEY `id_UNIQUE` (`id`)
) ENGINE=InnoDB DEFAULT CHARSET=utf8mb3;

INSERT INTO `address` (`id`, `street`, `city`, `zip`, `country`) VALUES
(1,	'Elphinstone Road 304',	'Mumbai',	'98451',	'India'),
(2,	'6611 Zuni Rd SE',	'Albuquerque',	'12457',	'USA'),
(3,	'Mostní 11',	'Most',	'95412',	'Czech'),
(4,	'Zahradní 20',	'Liberec',	'94417',	'Czech');

DROP TABLE IF EXISTS `client`;
CREATE TABLE `client` (
  `id` int unsigned NOT NULL AUTO_INCREMENT,
  `company_name` varchar(64) DEFAULT NULL,
  `forname` varchar(45) NOT NULL,
  `surname` varchar(45) NOT NULL,
  `middlename` varchar(45) DEFAULT NULL,
  `title` varchar(45) DEFAULT NULL,
  `email` varchar(45) NOT NULL,
  `phone` varchar(45) DEFAULT NULL,
  `address_id` int unsigned NOT NULL,
  `added` date NOT NULL,
  `note` varchar(128) DEFAULT NULL,
  PRIMARY KEY (`id`),
  UNIQUE KEY `id_UNIQUE` (`id`),
  KEY `address_id` (`address_id`),
  CONSTRAINT `client_ibfk_1` FOREIGN KEY (`address_id`) REFERENCES `address` (`id`)
) ENGINE=InnoDB DEFAULT CHARSET=utf8mb3;

INSERT INTO `client` (`id`, `company_name`, `forname`, `surname`, `middlename`, `title`, `email`, `phone`, `address_id`, `added`, `note`) VALUES
(1,	NULL,	'Dan',	'Šroubek',	NULL,	NULL,	'dšr@mail.cz',	'800000000',	3,	'2020-05-05',	NULL),
(2,	NULL,	'Ujo',	'Pompo',	NULL,	NULL,	'pom@rumbco.cz',	'700000000',	4,	'2020-06-10',	NULL);

DROP TABLE IF EXISTS `manufacturer`;
CREATE TABLE `manufacturer` (
  `id` int unsigned NOT NULL AUTO_INCREMENT,
  `name` varchar(64) NOT NULL,
  `email` varchar(45) NOT NULL,
  `phone` varchar(45) DEFAULT NULL,
  `address_id` int unsigned NOT NULL,
  PRIMARY KEY (`id`),
  UNIQUE KEY `id_UNIQUE` (`id`),
  KEY `address_id` (`address_id`),
  CONSTRAINT `manufacturer_ibfk_1` FOREIGN KEY (`address_id`) REFERENCES `address` (`id`) ON DELETE RESTRICT ON UPDATE RESTRICT
) ENGINE=InnoDB DEFAULT CHARSET=utf8mb3;

INSERT INTO `manufacturer` (`id`, `name`, `email`, `phone`, `address_id`) VALUES
(1,	'Trusty engineer',	'orders@trusty_en.in',	'800000000',	1),
(2,	'Bean seamstress',	'Manuel_Varga@mex.us',	'800000001',	2);

DROP TABLE IF EXISTS `item`;
CREATE TABLE `item` (
  `id` int unsigned NOT NULL AUTO_INCREMENT,
  `name` varchar(64) NOT NULL,
  `area` float NOT NULL,
  `manufacturer_id` int unsigned NOT NULL,
  `added` datetime NOT NULL,
  PRIMARY KEY (`id`),
  UNIQUE KEY `id_UNIQUE` (`id`),
  KEY `manufacturer_id` (`manufacturer_id`),
  CONSTRAINT `item_ibfk_1` FOREIGN KEY (`manufacturer_id`) REFERENCES `manufacturer` (`id`) ON DELETE RESTRICT ON UPDATE RESTRICT
) ENGINE=InnoDB DEFAULT CHARSET=utf8mb3;

INSERT INTO `item` (`id`, `name`, `area`, `manufacturer_id`, `added`) VALUES
(1,	'šrouby m5x15 200 ks',	0.5,	1,	'2020-04-23 12:00:00'),
(2,	'matky m5 hex 200 ks',	0.5,	1,	'2020-04-23 12:00:00'),
(3,	'úhelník 100x20x2 100 ks',	20,	1,	'2020-04-23 12:00:00'),
(4,	'pracovní rukacice M 20 ks',	4,	2,	'2020-04-23 12:00:00'),
(5,	'Rýč 1 ks',	1,	1,	'2020-04-23 12:00:00'),
(6,	'Rozvodový řemen 1 ks',	0.3,	2,	'2020-04-23 12:00:00');

DROP TABLE IF EXISTS `item_status`;
CREATE TABLE `item_status` (
  `id` int unsigned NOT NULL AUTO_INCREMENT,
  `short_name` varchar(32) NOT NULL,
  `name` varchar(32) NOT NULL,
  PRIMARY KEY (`id`)
) ENGINE=InnoDB DEFAULT CHARSET=utf8mb3;

INSERT INTO `item_status` (`id`, `short_name`, `name`) VALUES
(1,	'available',	'volná'),
(2,	'reserved',	'rezervovaná'),
(3,	'sent_off',	'odeslaná'),
(4,	'returned',	'reklamovaná');

DROP TABLE IF EXISTS `item_with_lot`;
CREATE TABLE `item_with_lot` (
  `id` int unsigned NOT NULL AUTO_INCREMENT,
  `item_id` int unsigned NOT NULL,
  `lot` varchar(40) NOT NULL,
  `added` datetime NOT NULL,
  PRIMARY KEY (`id`),
  KEY `item_id` (`item_id`),
  CONSTRAINT `item_with_lot_ibfk_1` FOREIGN KEY (`item_id`) REFERENCES `item` (`id`) ON DELETE RESTRICT ON UPDATE RESTRICT
) ENGINE=InnoDB DEFAULT CHARSET=utf8mb3;

INSERT INTO `item_with_lot` (`id`, `item_id`, `lot`, `added`) VALUES
(1,	1,	'i112',	'2024-05-05 15:00:00'),
(2,	1,	'i113',	'2024-05-05 15:00:00'),
(3,	2,	'p1151',	'2024-05-05 15:00:00'),
(4,	3,	'x11522',	'2024-05-05 15:00:00'),
(5,	4,	'u11526',	'2024-05-05 15:00:00'),
(6,	5,	'd11515',	'2024-09-09 19:00:00'),
(7,	5,	'd11519',	'2024-09-09 19:00:00'),
(8,	6,	'q9915',	'2024-09-09 19:00:00'),
(11,	5,	'd11525',	'2024-09-09 19:00:00'),
(13,	4,	'u11528',	'2024-12-03 22:48:20');

DROP TABLE IF EXISTS `order_status`;
CREATE TABLE `order_status` (
  `id` int unsigned NOT NULL AUTO_INCREMENT,
  `short_name` varchar(32) NOT NULL,
  `name` varchar(64) NOT NULL,
  PRIMARY KEY (`id`)
) ENGINE=InnoDB DEFAULT CHARSET=utf8mb3;

INSERT INTO `order_status` (`id`, `short_name`, `name`) VALUES
(1,	'new',	'Nová'),
(2,	'items_reserved',	'Připravena k odeslání'),
(3,	'sent_off',	'Expedovaná'),
(4,	'complain_in_progress',	'Probíhá reklamace'),
(5,	'items_returned',	'Reklamace vyřízena (zboží vráceno)'),
(6,	'storno',	'Storno');

DROP TABLE IF EXISTS `orders`;
CREATE TABLE `orders` (
  `id` int unsigned NOT NULL AUTO_INCREMENT,
  `client_id` int unsigned NOT NULL,
  `added` datetime NOT NULL,
  `last_edited` datetime DEFAULT NULL,
  `note` varchar(128) DEFAULT NULL,
  `status_id` int unsigned NOT NULL,
  PRIMARY KEY (`id`),
  UNIQUE KEY `id_UNIQUE` (`id`),
  KEY `client_id` (`client_id`),
  KEY `status_id` (`status_id`),
  CONSTRAINT `orders_ibfk_1` FOREIGN KEY (`client_id`) REFERENCES `client` (`id`) ON DELETE RESTRICT ON UPDATE RESTRICT,
  CONSTRAINT `orders_ibfk_3` FOREIGN KEY (`status_id`) REFERENCES `order_status` (`id`) ON DELETE RESTRICT ON UPDATE RESTRICT
) ENGINE=InnoDB DEFAULT CHARSET=utf8mb3;

INSERT INTO `orders` (`id`, `client_id`, `added`, `last_edited`, `note`, `status_id`) VALUES
(1,	1,	'2020-05-05 11:00:00',	'2025-01-11 17:59:36',	NULL,	2),
(2,	2,	'2020-06-10 07:00:00',	'2025-01-10 19:55:21',	'spěchá',	2),
(3,	1,	'2025-01-08 19:47:22',	'2025-01-11 19:08:36',	'nic',	1);

DROP TABLE IF EXISTS `warehouse`;
CREATE TABLE `warehouse` (
  `id` int unsigned NOT NULL AUTO_INCREMENT,
  `name` varchar(64) NOT NULL,
  `area` int NOT NULL,
  `created` date NOT NULL,
  `last_edited` date DEFAULT NULL,
  PRIMARY KEY (`id`),
  UNIQUE KEY `id_UNIQUE` (`id`)
) ENGINE=InnoDB DEFAULT CHARSET=utf8mb3;

INSERT INTO `warehouse` (`id`, `name`, `area`, `created`, `last_edited`) VALUES
(1,	'sklad 1',	1500,	'2020-04-23',	'2024-12-06'),
(3,	'sklad 2',	2000,	'2020-04-23',	'2024-12-02'),
(12,	'sklad 3',	2000,	'2024-11-17',	'2024-12-11');

DROP TABLE IF EXISTS `order_has_item`;
CREATE TABLE `order_has_item` (
  `id` int unsigned NOT NULL AUTO_INCREMENT,
  `order_id` int unsigned NOT NULL,
  `item_id` int unsigned NOT NULL,
  `amount` int NOT NULL,
  PRIMARY KEY (`id`),
  UNIQUE KEY `id_UNIQUE` (`id`),
  KEY `order_id` (`order_id`),
  KEY `item_id` (`item_id`),
  CONSTRAINT `order_has_item_ibfk_2` FOREIGN KEY (`order_id`) REFERENCES `orders` (`id`) ON DELETE RESTRICT ON UPDATE RESTRICT,
  CONSTRAINT `order_has_item_ibfk_3` FOREIGN KEY (`item_id`) REFERENCES `item` (`id`) ON DELETE RESTRICT ON UPDATE RESTRICT
) ENGINE=InnoDB DEFAULT CHARSET=utf8mb3;

INSERT INTO `order_has_item` (`id`, `order_id`, `item_id`, `amount`) VALUES
(1,	1,	1,	5),
(2,	1,	2,	5),
(3,	1,	3,	1),
(4,	2,	4,	3),
(5,	2,	5,	29),
(7,	3,	2,	2),
(8,	3,	1,	3);



DROP TABLE IF EXISTS `warehouse_has_item`;
CREATE TABLE `warehouse_has_item` (
  `id` int unsigned NOT NULL AUTO_INCREMENT,
  `warehouse_id` int unsigned NOT NULL,
  `item_with_lot_id` int unsigned NOT NULL,
  `added` date NOT NULL,
  `order_id` int unsigned DEFAULT NULL,
  `status_id` int unsigned NOT NULL,
  PRIMARY KEY (`id`),
  UNIQUE KEY `id_UNIQUE` (`id`),
  KEY `war_id` (`warehouse_id`),
  KEY `ord_id` (`order_id`),
  KEY `item_with_lot_id` (`item_with_lot_id`),
  KEY `status_id` (`status_id`),
  CONSTRAINT `warehouse_has_item_ibfk_1` FOREIGN KEY (`item_with_lot_id`) REFERENCES `item_with_lot` (`id`) ON DELETE RESTRICT ON UPDATE RESTRICT,
  CONSTRAINT `warehouse_has_item_ibfk_2` FOREIGN KEY (`status_id`) REFERENCES `item_status` (`id`) ON DELETE RESTRICT ON UPDATE RESTRICT,
  CONSTRAINT `warehouse_has_item_ibfk_3` FOREIGN KEY (`order_id`) REFERENCES `orders` (`id`) ON DELETE RESTRICT ON UPDATE RESTRICT,
  CONSTRAINT `warehouse_has_item_ibfk_4` FOREIGN KEY (`warehouse_id`) REFERENCES `warehouse` (`id`) ON DELETE RESTRICT ON UPDATE RESTRICT
) ENGINE=InnoDB DEFAULT CHARSET=utf8mb3;

INSERT INTO `warehouse_has_item` (`id`, `warehouse_id`, `item_with_lot_id`, `added`, `order_id`, `status_id`) VALUES
(4,	1,	1,	'2020-02-01',	NULL,	1),
(5,	1,	3,	'2020-02-01',	1,	2),
(6,	1,	4,	'2020-04-15',	1,	2),
(7,	1,	3,	'2020-01-08',	1,	2),
(8,	1,	1,	'2020-02-01',	NULL,	1),
(9,	1,	1,	'2020-02-01',	NULL,	1),
(10,	1,	1,	'2020-02-01',	NULL,	1),
(11,	1,	1,	'2020-02-01',	NULL,	1),
(12,	1,	1,	'2020-02-01',	NULL,	1),
(13,	1,	1,	'2020-02-01',	NULL,	1),
(14,	1,	1,	'2020-02-01',	NULL,	1),
(15,	1,	1,	'2020-02-01',	NULL,	1),
(16,	3,	2,	'2020-02-01',	NULL,	1),
(17,	3,	2,	'2020-02-01',	NULL,	1),
(18,	3,	2,	'2020-02-01',	NULL,	1),
(19,	3,	2,	'2020-02-01',	NULL,	1),
(20,	3,	3,	'2020-02-01',	NULL,	1),
(21,	3,	3,	'2020-02-01',	NULL,	1),
(22,	3,	3,	'2020-02-01',	NULL,	1),
(23,	3,	3,	'2020-02-01',	NULL,	1),
(24,	3,	3,	'2020-02-01',	NULL,	1),
(25,	1,	3,	'2020-02-01',	1,	2),
(26,	1,	3,	'2020-02-01',	1,	2),
(27,	1,	3,	'2020-02-01',	1,	2),
(28,	1,	3,	'2020-02-01',	NULL,	1),
(29,	1,	4,	'2020-04-15',	NULL,	1),
(30,	1,	4,	'2020-04-15',	NULL,	1),
(31,	1,	4,	'2020-04-15',	NULL,	1),
(32,	1,	4,	'2020-04-15',	NULL,	1),
(33,	1,	4,	'2020-04-15',	NULL,	1),
(34,	1,	4,	'2020-04-15',	NULL,	1),
(35,	1,	4,	'2020-04-15',	NULL,	1),
(36,	1,	3,	'2020-01-08',	NULL,	1),
(37,	1,	3,	'2020-01-08',	NULL,	1),
(38,	1,	3,	'2020-01-08',	NULL,	1),
(39,	1,	3,	'2020-01-08',	NULL,	1),
(40,	1,	3,	'2020-01-08',	NULL,	1),
(41,	3,	3,	'2020-01-08',	NULL,	1),
(42,	3,	3,	'2020-01-08',	NULL,	1),
(43,	3,	3,	'2020-01-08',	NULL,	1),
(44,	1,	2,	'2020-05-04',	NULL,	1),
(45,	1,	2,	'2020-05-04',	NULL,	1),
(46,	1,	2,	'2020-05-04',	NULL,	1),
(47,	1,	2,	'2020-05-04',	NULL,	1),
(48,	1,	2,	'2020-05-04',	NULL,	1),
(49,	1,	3,	'2020-05-04',	NULL,	1),
(50,	1,	3,	'2020-05-04',	NULL,	1),
(51,	1,	3,	'2020-05-04',	NULL,	1),
(52,	1,	3,	'2020-05-04',	NULL,	1),
(53,	1,	3,	'2020-05-04',	NULL,	1),
(54,	1,	4,	'2020-05-04',	NULL,	1),
(55,	3,	2,	'2020-06-06',	NULL,	1),
(56,	3,	2,	'2020-06-06',	NULL,	1),
(57,	3,	2,	'2020-06-06',	NULL,	1),
(58,	3,	2,	'2020-06-06',	NULL,	1),
(59,	3,	2,	'2020-06-06',	NULL,	1),
(60,	3,	2,	'2020-06-06',	NULL,	1),
(61,	3,	3,	'2020-06-06',	NULL,	1),
(62,	3,	3,	'2020-06-06',	NULL,	1),
(63,	3,	3,	'2020-06-06',	NULL,	1),
(64,	3,	3,	'2020-06-06',	NULL,	1),
(65,	3,	3,	'2020-06-06',	NULL,	1),
(66,	1,	5,	'2020-06-10',	2,	2),
(67,	1,	5,	'2020-06-10',	2,	2),
(68,	1,	5,	'2020-06-10',	2,	2),
(69,	1,	5,	'2020-06-10',	NULL,	1),
(70,	1,	5,	'2020-06-10',	NULL,	1),
(71,	1,	5,	'2020-06-10',	NULL,	1),
(72,	1,	5,	'2020-06-10',	NULL,	1),
(73,	1,	5,	'2020-06-10',	NULL,	1),
(74,	1,	5,	'2020-06-10',	NULL,	1),
(75,	1,	5,	'2020-06-10',	NULL,	1),
(76,	1,	6,	'2020-06-10',	2,	2),
(77,	1,	6,	'2020-06-10',	2,	2),
(78,	1,	6,	'2020-06-10',	2,	2),
(79,	1,	6,	'2020-06-10',	2,	2),
(80,	1,	6,	'2020-06-10',	2,	2),
(81,	1,	6,	'2020-06-10',	2,	2),
(82,	1,	6,	'2020-06-10',	2,	2),
(83,	1,	6,	'2020-06-10',	2,	2),
(84,	1,	6,	'2020-06-10',	2,	2),
(85,	1,	6,	'2020-06-10',	2,	2),
(86,	1,	6,	'2020-06-10',	2,	2),
(87,	1,	6,	'2020-06-10',	2,	2),
(88,	1,	6,	'2020-06-10',	2,	2),
(89,	1,	6,	'2020-06-10',	2,	2),
(90,	1,	6,	'2020-06-10',	2,	2),
(91,	1,	6,	'2020-06-10',	2,	2),
(92,	1,	6,	'2020-06-10',	2,	2),
(93,	1,	6,	'2020-06-10',	2,	2),
(94,	1,	6,	'2020-06-10',	2,	2),
(95,	1,	6,	'2020-06-10',	2,	2),
(96,	1,	6,	'2020-06-10',	2,	2),
(97,	1,	6,	'2020-06-10',	2,	2),
(98,	1,	6,	'2020-06-10',	NULL,	1),
(99,	1,	6,	'2020-06-10',	NULL,	1),
(100,	1,	6,	'2020-06-10',	NULL,	1),
(101,	1,	6,	'2020-06-10',	NULL,	1),
(102,	1,	6,	'2020-06-10',	NULL,	1),
(103,	1,	7,	'2020-06-10',	NULL,	1),
(104,	1,	7,	'2020-06-10',	NULL,	1),
(105,	1,	7,	'2020-06-10',	NULL,	1),
(106,	3,	5,	'2020-06-10',	NULL,	1),
(107,	3,	5,	'2020-06-10',	NULL,	1),
(108,	3,	5,	'2020-06-10',	NULL,	1),
(109,	3,	5,	'2020-06-10',	NULL,	1),
(110,	3,	5,	'2020-06-10',	NULL,	1),
(111,	3,	7,	'2020-06-10',	NULL,	1),
(112,	3,	7,	'2020-06-10',	NULL,	1),
(113,	3,	7,	'2020-06-10',	NULL,	1),
(114,	3,	7,	'2020-06-10',	NULL,	1),
(115,	3,	7,	'2020-06-10',	NULL,	1),
(116,	3,	7,	'2020-06-10',	NULL,	1),
(117,	3,	7,	'2020-06-10',	NULL,	1),
(118,	3,	7,	'2020-06-10',	NULL,	1),
(119,	3,	7,	'2020-06-10',	NULL,	1),
(120,	3,	7,	'2020-06-10',	NULL,	1),
(121,	3,	7,	'2020-06-10',	NULL,	1),
(122,	3,	7,	'2020-06-10',	NULL,	1),
(123,	3,	7,	'2020-06-10',	NULL,	1),
(124,	3,	7,	'2020-06-10',	NULL,	1),
(125,	3,	7,	'2020-06-10',	NULL,	1),
(126,	3,	2,	'2024-11-26',	NULL,	1),
(127,	3,	2,	'2024-11-26',	NULL,	1),
(128,	3,	2,	'2024-11-26',	NULL,	1),
(129,	3,	2,	'2024-11-26',	NULL,	1),
(130,	3,	2,	'2024-11-26',	NULL,	1),
(131,	3,	2,	'2024-11-26',	NULL,	1),
(132,	12,	11,	'2024-11-26',	2,	2),
(133,	12,	11,	'2024-11-26',	2,	2),
(134,	12,	11,	'2024-11-26',	2,	2),
(135,	12,	11,	'2024-11-26',	2,	2),
(136,	12,	11,	'2024-11-26',	2,	2),
(137,	12,	2,	'2024-11-26',	1,	2),
(138,	12,	2,	'2024-11-26',	1,	2),
(139,	12,	2,	'2024-11-26',	1,	2),
(140,	12,	2,	'2024-11-26',	1,	2),
(141,	12,	2,	'2024-11-26',	1,	2),
(142,	12,	2,	'2024-11-26',	NULL,	1),
(143,	12,	2,	'2024-11-26',	NULL,	1),
(144,	12,	2,	'2024-11-26',	NULL,	1),
(145,	12,	2,	'2024-11-26',	NULL,	1),
(146,	12,	2,	'2024-11-26',	NULL,	1),
(147,	12,	2,	'2024-11-26',	NULL,	1),
(148,	12,	2,	'2024-11-26',	NULL,	1),
(149,	12,	2,	'2024-11-26',	NULL,	1),
(150,	12,	2,	'2024-11-26',	NULL,	1),
(151,	12,	2,	'2024-11-26',	NULL,	1),
(152,	12,	2,	'2024-11-26',	NULL,	1),
(153,	12,	2,	'2024-11-26',	NULL,	1),
(154,	12,	2,	'2024-11-26',	NULL,	1),
(155,	12,	2,	'2024-11-26',	NULL,	1),
(156,	12,	2,	'2024-11-26',	NULL,	1),
(157,	12,	2,	'2024-11-26',	NULL,	1),
(158,	12,	2,	'2024-11-26',	NULL,	1),
(159,	12,	2,	'2024-11-26',	NULL,	1),
(160,	12,	2,	'2024-11-26',	NULL,	1),
(161,	12,	2,	'2024-11-26',	NULL,	1),
(162,	12,	2,	'2024-11-26',	NULL,	1),
(163,	12,	2,	'2024-11-26',	NULL,	1),
(164,	12,	2,	'2024-11-26',	NULL,	1),
(165,	12,	2,	'2024-11-26',	NULL,	1),
(166,	12,	2,	'2024-11-26',	NULL,	1),
(167,	12,	2,	'2024-11-26',	NULL,	1),
(168,	12,	2,	'2024-11-26',	NULL,	1),
(169,	12,	2,	'2024-11-26',	NULL,	1),
(170,	12,	2,	'2024-11-26',	NULL,	1),
(171,	12,	2,	'2024-11-26',	NULL,	1),
(172,	12,	2,	'2024-11-26',	NULL,	1),
(173,	12,	2,	'2024-11-26',	NULL,	1),
(174,	12,	2,	'2024-11-26',	NULL,	1),
(175,	12,	2,	'2024-11-26',	NULL,	1),
(176,	12,	2,	'2024-11-26',	NULL,	1),
(177,	12,	2,	'2024-11-26',	NULL,	1),
(178,	12,	2,	'2024-11-26',	NULL,	1),
(179,	12,	2,	'2024-11-26',	NULL,	1),
(180,	12,	2,	'2024-11-26',	NULL,	1),
(181,	12,	2,	'2024-11-26',	NULL,	1),
(182,	12,	2,	'2024-11-26',	NULL,	1),
(183,	12,	2,	'2024-11-26',	NULL,	1),
(184,	12,	2,	'2024-11-26',	NULL,	1),
(185,	12,	2,	'2024-11-26',	NULL,	1),
(186,	12,	2,	'2024-11-26',	NULL,	1),
(187,	12,	2,	'2024-11-26',	NULL,	1),
(188,	12,	2,	'2024-11-26',	NULL,	1),
(189,	12,	2,	'2024-11-26',	NULL,	1),
(190,	12,	2,	'2024-11-26',	NULL,	1),
(191,	12,	2,	'2024-11-26',	NULL,	1),
(192,	12,	2,	'2024-11-26',	NULL,	1),
(193,	12,	2,	'2024-11-26',	NULL,	1),
(194,	12,	2,	'2024-11-26',	NULL,	1),
(195,	12,	2,	'2024-11-26',	NULL,	1),
(196,	12,	2,	'2024-11-26',	NULL,	1),
(197,	12,	2,	'2024-11-26',	NULL,	1),
(198,	12,	2,	'2024-11-26',	NULL,	1),
(199,	12,	2,	'2024-11-26',	NULL,	1),
(200,	12,	2,	'2024-11-26',	NULL,	1),
(201,	12,	2,	'2024-11-26',	NULL,	1),
(202,	12,	2,	'2024-11-26',	NULL,	1),
(203,	12,	2,	'2024-11-26',	NULL,	1),
(204,	12,	2,	'2024-11-26',	NULL,	1),
(205,	12,	2,	'2024-11-26',	NULL,	1),
(206,	12,	2,	'2024-11-26',	NULL,	1),
(207,	12,	2,	'2024-11-26',	NULL,	1),
(208,	12,	2,	'2024-11-26',	NULL,	1),
(209,	12,	2,	'2024-11-26',	NULL,	1),
(210,	12,	2,	'2024-11-26',	NULL,	1),
(211,	12,	2,	'2024-11-26',	NULL,	1),
(212,	12,	2,	'2024-11-26',	NULL,	1),
(213,	12,	2,	'2024-11-26',	NULL,	1),
(214,	12,	2,	'2024-11-26',	NULL,	1),
(215,	12,	2,	'2024-11-26',	NULL,	1),
(216,	12,	2,	'2024-11-26',	NULL,	1),
(217,	12,	2,	'2024-11-26',	NULL,	1),
(218,	12,	2,	'2024-11-26',	NULL,	1),
(219,	12,	2,	'2024-11-26',	NULL,	1),
(220,	12,	2,	'2024-11-26',	NULL,	1),
(221,	12,	2,	'2024-11-26',	NULL,	1),
(222,	12,	2,	'2024-11-26',	NULL,	1),
(223,	12,	2,	'2024-11-26',	NULL,	1),
(224,	12,	2,	'2024-11-26',	NULL,	1),
(225,	12,	2,	'2024-11-26',	NULL,	1),
(226,	12,	2,	'2024-11-26',	NULL,	1),
(227,	12,	2,	'2024-11-26',	NULL,	1),
(228,	12,	2,	'2024-11-26',	NULL,	1),
(229,	12,	2,	'2024-11-26',	NULL,	1),
(230,	12,	2,	'2024-11-26',	NULL,	1),
(231,	12,	2,	'2024-11-26',	NULL,	1),
(232,	12,	2,	'2024-11-26',	NULL,	1),
(233,	12,	2,	'2024-11-26',	NULL,	1),
(234,	12,	2,	'2024-11-26',	NULL,	1),
(235,	12,	2,	'2024-11-26',	NULL,	1),
(236,	12,	2,	'2024-11-26',	NULL,	1),
(237,	12,	2,	'2024-11-26',	NULL,	1),
(238,	12,	2,	'2024-11-26',	NULL,	1),
(239,	12,	2,	'2024-11-26',	NULL,	1),
(240,	12,	2,	'2024-11-26',	NULL,	1),
(241,	12,	2,	'2024-11-26',	NULL,	1),
(242,	12,	2,	'2024-11-26',	NULL,	1),
(243,	12,	2,	'2024-11-26',	NULL,	1),
(244,	12,	2,	'2024-11-26',	NULL,	1),
(245,	12,	2,	'2024-11-26',	NULL,	1),
(246,	12,	2,	'2024-11-26',	NULL,	1),
(247,	12,	2,	'2024-11-26',	NULL,	1),
(248,	12,	2,	'2024-11-26',	NULL,	1),
(249,	12,	2,	'2024-11-26',	NULL,	1),
(250,	12,	2,	'2024-11-26',	NULL,	1),
(251,	12,	2,	'2024-11-26',	NULL,	1),
(252,	12,	2,	'2024-11-26',	NULL,	1),
(253,	12,	2,	'2024-11-26',	NULL,	1),
(254,	12,	2,	'2024-11-26',	NULL,	1),
(255,	12,	2,	'2024-11-26',	NULL,	1),
(256,	12,	2,	'2024-11-26',	NULL,	1),
(257,	12,	2,	'2024-11-26',	NULL,	1),
(258,	12,	2,	'2024-11-26',	NULL,	1),
(259,	12,	2,	'2024-11-26',	NULL,	1),
(260,	12,	2,	'2024-11-26',	NULL,	1),
(261,	12,	2,	'2024-11-26',	NULL,	1),
(262,	12,	2,	'2024-11-26',	NULL,	1),
(263,	12,	2,	'2024-11-26',	NULL,	1),
(264,	12,	2,	'2024-11-26',	NULL,	1),
(265,	12,	2,	'2024-11-26',	NULL,	1),
(266,	12,	2,	'2024-11-26',	NULL,	1),
(267,	12,	2,	'2024-11-26',	NULL,	1),
(268,	12,	2,	'2024-11-26',	NULL,	1),
(269,	12,	2,	'2024-11-26',	NULL,	1),
(270,	12,	2,	'2024-11-26',	NULL,	1),
(271,	12,	2,	'2024-11-26',	NULL,	1),
(272,	12,	2,	'2024-11-26',	NULL,	1),
(273,	12,	2,	'2024-11-26',	NULL,	1),
(274,	12,	2,	'2024-11-26',	NULL,	1),
(275,	12,	2,	'2024-11-26',	NULL,	1),
(276,	12,	2,	'2024-11-26',	NULL,	1),
(277,	12,	2,	'2024-11-26',	NULL,	1),
(278,	12,	2,	'2024-11-26',	NULL,	1),
(279,	12,	2,	'2024-11-26',	NULL,	1),
(280,	12,	2,	'2024-11-26',	NULL,	1),
(281,	12,	2,	'2024-11-26',	NULL,	1),
(282,	12,	2,	'2024-11-26',	NULL,	1),
(283,	12,	2,	'2024-11-26',	NULL,	1),
(284,	12,	2,	'2024-11-26',	NULL,	1),
(285,	12,	2,	'2024-11-26',	NULL,	1),
(286,	12,	2,	'2024-11-26',	NULL,	1),
(287,	12,	2,	'2024-11-26',	NULL,	1),
(288,	12,	2,	'2024-11-26',	NULL,	1),
(289,	12,	2,	'2024-11-26',	NULL,	1),
(290,	12,	2,	'2024-11-26',	NULL,	1),
(291,	12,	2,	'2024-11-26',	NULL,	1),
(292,	12,	2,	'2024-11-26',	NULL,	1),
(293,	12,	2,	'2024-11-26',	NULL,	1),
(294,	12,	2,	'2024-11-26',	NULL,	1),
(295,	12,	2,	'2024-11-26',	NULL,	1),
(296,	12,	2,	'2024-11-26',	NULL,	1),
(297,	12,	2,	'2024-11-26',	NULL,	1),
(298,	12,	2,	'2024-11-26',	NULL,	1),
(299,	12,	2,	'2024-11-26',	NULL,	1),
(300,	12,	2,	'2024-11-26',	NULL,	1),
(301,	12,	2,	'2024-11-26',	NULL,	1),
(302,	12,	2,	'2024-11-26',	NULL,	1),
(303,	12,	2,	'2024-11-26',	NULL,	1),
(304,	12,	2,	'2024-11-26',	NULL,	1),
(305,	12,	2,	'2024-11-26',	NULL,	1),
(306,	12,	2,	'2024-11-26',	NULL,	1),
(307,	12,	2,	'2024-11-26',	NULL,	1),
(308,	12,	2,	'2024-11-26',	NULL,	1),
(309,	12,	2,	'2024-11-26',	NULL,	1),
(310,	12,	2,	'2024-11-26',	NULL,	1),
(311,	12,	2,	'2024-11-26',	NULL,	1),
(312,	12,	2,	'2024-11-26',	NULL,	1),
(313,	12,	2,	'2024-11-26',	NULL,	1),
(314,	12,	2,	'2024-11-26',	NULL,	1),
(315,	12,	2,	'2024-11-26',	NULL,	1),
(316,	12,	2,	'2024-11-26',	NULL,	1),
(317,	12,	2,	'2024-11-26',	NULL,	1),
(318,	12,	2,	'2024-11-26',	NULL,	1),
(319,	12,	2,	'2024-11-26',	NULL,	1),
(320,	12,	2,	'2024-11-26',	NULL,	1),
(321,	12,	2,	'2024-11-26',	NULL,	1),
(322,	12,	2,	'2024-11-26',	NULL,	1),
(323,	12,	2,	'2024-11-26',	NULL,	1),
(324,	12,	2,	'2024-11-26',	NULL,	1),
(325,	12,	2,	'2024-11-26',	NULL,	1),
(326,	12,	2,	'2024-11-26',	NULL,	1),
(327,	12,	2,	'2024-11-26',	NULL,	1),
(328,	12,	2,	'2024-11-26',	NULL,	1),
(329,	12,	2,	'2024-11-26',	NULL,	1),
(330,	12,	2,	'2024-11-26',	NULL,	1),
(331,	12,	2,	'2024-11-26',	NULL,	1),
(332,	12,	2,	'2024-11-26',	NULL,	1),
(333,	12,	2,	'2024-11-26',	NULL,	1),
(334,	12,	2,	'2024-11-26',	NULL,	1),
(335,	12,	2,	'2024-11-26',	NULL,	1),
(336,	12,	2,	'2024-11-26',	NULL,	1),
(337,	12,	2,	'2024-11-26',	NULL,	1),
(338,	12,	2,	'2024-11-26',	NULL,	1),
(339,	12,	2,	'2024-11-26',	NULL,	1),
(340,	12,	2,	'2024-11-26',	NULL,	1),
(341,	12,	2,	'2024-11-26',	NULL,	1),
(342,	12,	2,	'2024-11-26',	NULL,	1),
(343,	12,	2,	'2024-11-26',	NULL,	1),
(344,	12,	2,	'2024-11-26',	NULL,	1),
(345,	12,	2,	'2024-11-26',	NULL,	1),
(346,	12,	2,	'2024-11-26',	NULL,	1),
(347,	12,	2,	'2024-11-26',	NULL,	1),
(348,	12,	2,	'2024-11-26',	NULL,	1),
(349,	12,	2,	'2024-11-26',	NULL,	1),
(350,	12,	2,	'2024-11-26',	NULL,	1),
(351,	12,	2,	'2024-11-26',	NULL,	1),
(352,	12,	2,	'2024-11-26',	NULL,	1),
(353,	12,	2,	'2024-11-26',	NULL,	1),
(354,	12,	2,	'2024-11-26',	NULL,	1),
(355,	12,	2,	'2024-11-26',	NULL,	1),
(356,	12,	2,	'2024-11-26',	NULL,	1),
(357,	12,	2,	'2024-11-26',	NULL,	1),
(358,	12,	2,	'2024-11-26',	NULL,	1),
(359,	12,	2,	'2024-11-26',	NULL,	1),
(360,	12,	2,	'2024-11-26',	NULL,	1),
(361,	12,	2,	'2024-11-26',	NULL,	1),
(362,	12,	2,	'2024-11-26',	NULL,	1),
(363,	12,	2,	'2024-11-26',	NULL,	1),
(364,	12,	2,	'2024-11-26',	NULL,	1),
(365,	12,	2,	'2024-11-26',	NULL,	1),
(366,	12,	2,	'2024-11-26',	NULL,	1),
(367,	12,	2,	'2024-11-26',	NULL,	1),
(368,	12,	2,	'2024-11-26',	NULL,	1),
(369,	12,	2,	'2024-11-26',	NULL,	1),
(370,	12,	2,	'2024-11-26',	NULL,	1),
(371,	12,	2,	'2024-11-26',	NULL,	1),
(372,	12,	2,	'2024-11-26',	NULL,	1),
(373,	12,	2,	'2024-11-26',	NULL,	1),
(374,	12,	2,	'2024-11-26',	NULL,	1),
(375,	12,	2,	'2024-11-26',	NULL,	1),
(376,	12,	2,	'2024-11-26',	NULL,	1),
(377,	12,	2,	'2024-11-26',	NULL,	1),
(378,	12,	2,	'2024-11-26',	NULL,	1),
(379,	12,	2,	'2024-11-26',	NULL,	1),
(380,	12,	2,	'2024-11-26',	NULL,	1),
(381,	12,	2,	'2024-11-26',	NULL,	1),
(382,	12,	2,	'2024-11-26',	NULL,	1),
(383,	12,	2,	'2024-11-26',	NULL,	1),
(384,	12,	2,	'2024-11-26',	NULL,	1),
(385,	12,	2,	'2024-11-26',	NULL,	1),
(386,	12,	2,	'2024-11-26',	NULL,	1),
(387,	12,	2,	'2024-11-26',	NULL,	1),
(388,	12,	2,	'2024-11-26',	NULL,	1),
(389,	12,	2,	'2024-11-26',	NULL,	1),
(390,	12,	2,	'2024-11-26',	NULL,	1),
(391,	12,	2,	'2024-11-26',	NULL,	1),
(392,	12,	2,	'2024-11-26',	NULL,	1),
(393,	12,	2,	'2024-11-26',	NULL,	1),
(394,	12,	2,	'2024-11-26',	NULL,	1),
(395,	12,	2,	'2024-11-26',	NULL,	1),
(396,	12,	2,	'2024-11-26',	NULL,	1),
(397,	12,	2,	'2024-11-26',	NULL,	1),
(398,	12,	2,	'2024-11-26',	NULL,	1),
(399,	12,	2,	'2024-11-26',	NULL,	1),
(400,	12,	2,	'2024-11-26',	NULL,	1),
(401,	12,	2,	'2024-11-26',	NULL,	1),
(402,	12,	2,	'2024-11-26',	NULL,	1),
(403,	12,	2,	'2024-11-26',	NULL,	1),
(404,	12,	2,	'2024-11-26',	NULL,	1),
(405,	12,	2,	'2024-11-26',	NULL,	1),
(406,	12,	2,	'2024-11-26',	NULL,	1),
(407,	12,	2,	'2024-11-26',	NULL,	1),
(408,	12,	2,	'2024-11-26',	NULL,	1),
(409,	12,	2,	'2024-11-26',	NULL,	1),
(410,	12,	2,	'2024-11-26',	NULL,	1),
(411,	12,	2,	'2024-11-26',	NULL,	1),
(412,	12,	2,	'2024-11-26',	NULL,	1),
(413,	12,	2,	'2024-11-26',	NULL,	1),
(414,	12,	2,	'2024-11-26',	NULL,	1),
(415,	12,	2,	'2024-11-26',	NULL,	1),
(416,	12,	2,	'2024-11-26',	NULL,	1),
(417,	12,	2,	'2024-11-26',	NULL,	1),
(418,	12,	2,	'2024-11-26',	NULL,	1),
(419,	12,	2,	'2024-11-26',	NULL,	1),
(420,	12,	2,	'2024-11-26',	NULL,	1),
(421,	12,	2,	'2024-11-26',	NULL,	1),
(422,	12,	2,	'2024-11-26',	NULL,	1),
(423,	12,	2,	'2024-11-26',	NULL,	1),
(424,	12,	2,	'2024-11-26',	NULL,	1),
(425,	12,	2,	'2024-11-26',	NULL,	1),
(426,	12,	2,	'2024-11-26',	NULL,	1),
(427,	12,	2,	'2024-11-26',	NULL,	1),
(428,	12,	2,	'2024-11-26',	NULL,	1),
(429,	12,	2,	'2024-11-26',	NULL,	1),
(430,	12,	2,	'2024-11-26',	NULL,	1),
(431,	12,	2,	'2024-11-26',	NULL,	1),
(432,	12,	2,	'2024-11-26',	NULL,	1),
(433,	12,	2,	'2024-11-26',	NULL,	1),
(434,	12,	2,	'2024-11-26',	NULL,	1),
(435,	12,	2,	'2024-11-26',	NULL,	1),
(436,	12,	2,	'2024-11-26',	NULL,	1),
(437,	12,	2,	'2024-11-26',	NULL,	1),
(438,	12,	2,	'2024-11-26',	NULL,	1),
(439,	12,	2,	'2024-11-26',	NULL,	1),
(440,	12,	2,	'2024-11-26',	NULL,	1),
(441,	12,	2,	'2024-11-26',	NULL,	1),
(442,	12,	2,	'2024-11-26',	NULL,	1),
(443,	12,	2,	'2024-11-26',	NULL,	1),
(444,	12,	2,	'2024-11-26',	NULL,	1),
(445,	12,	2,	'2024-11-26',	NULL,	1),
(446,	12,	2,	'2024-11-26',	NULL,	1),
(447,	12,	2,	'2024-11-26',	NULL,	1),
(448,	12,	2,	'2024-11-26',	NULL,	1),
(449,	12,	2,	'2024-11-26',	NULL,	1),
(450,	12,	2,	'2024-11-26',	NULL,	1),
(451,	12,	2,	'2024-11-26',	NULL,	1),
(452,	12,	2,	'2024-11-26',	NULL,	1),
(453,	12,	2,	'2024-11-26',	NULL,	1),
(454,	12,	2,	'2024-11-26',	NULL,	1),
(455,	12,	2,	'2024-11-26',	NULL,	1),
(456,	12,	2,	'2024-11-26',	NULL,	1),
(457,	12,	2,	'2024-11-26',	NULL,	1),
(458,	12,	2,	'2024-11-26',	NULL,	1),
(459,	12,	2,	'2024-11-26',	NULL,	1),
(460,	12,	2,	'2024-11-26',	NULL,	1),
(461,	12,	2,	'2024-11-26',	NULL,	1),
(462,	12,	2,	'2024-11-26',	NULL,	1),
(463,	12,	2,	'2024-11-26',	NULL,	1),
(464,	12,	2,	'2024-11-26',	NULL,	1),
(465,	12,	2,	'2024-11-26',	NULL,	1),
(466,	12,	2,	'2024-11-26',	NULL,	1),
(467,	12,	2,	'2024-11-26',	NULL,	1),
(468,	12,	2,	'2024-11-26',	NULL,	1),
(469,	12,	2,	'2024-11-26',	NULL,	1),
(470,	12,	2,	'2024-11-26',	NULL,	1),
(471,	12,	2,	'2024-11-26',	NULL,	1),
(472,	12,	2,	'2024-11-26',	NULL,	1),
(473,	12,	2,	'2024-11-26',	NULL,	1),
(474,	12,	2,	'2024-11-26',	NULL,	1),
(475,	12,	2,	'2024-11-26',	NULL,	1),
(476,	12,	2,	'2024-11-26',	NULL,	1),
(477,	12,	2,	'2024-11-26',	NULL,	1),
(478,	12,	2,	'2024-11-26',	NULL,	1),
(479,	12,	2,	'2024-11-26',	NULL,	1),
(480,	12,	2,	'2024-11-26',	NULL,	1),
(481,	12,	2,	'2024-11-26',	NULL,	1),
(482,	12,	2,	'2024-11-26',	NULL,	1),
(483,	12,	2,	'2024-11-26',	NULL,	1),
(484,	12,	2,	'2024-11-26',	NULL,	1),
(485,	12,	2,	'2024-11-26',	NULL,	1),
(486,	12,	2,	'2024-11-26',	NULL,	1),
(487,	12,	2,	'2024-11-26',	NULL,	1),
(488,	12,	2,	'2024-11-26',	NULL,	1),
(489,	12,	2,	'2024-11-26',	NULL,	1),
(490,	12,	2,	'2024-11-26',	NULL,	1),
(491,	12,	2,	'2024-11-26',	NULL,	1),
(492,	12,	2,	'2024-11-26',	NULL,	1),
(493,	12,	2,	'2024-11-26',	NULL,	1),
(494,	12,	2,	'2024-11-26',	NULL,	1),
(495,	12,	2,	'2024-11-26',	NULL,	1),
(496,	12,	2,	'2024-11-26',	NULL,	1),
(497,	12,	2,	'2024-11-26',	NULL,	1),
(498,	12,	2,	'2024-11-26',	NULL,	1),
(499,	12,	2,	'2024-11-26',	NULL,	1),
(500,	12,	2,	'2024-11-26',	NULL,	1),
(501,	12,	2,	'2024-11-26',	NULL,	1),
(502,	12,	2,	'2024-11-26',	NULL,	1),
(503,	12,	2,	'2024-11-26',	NULL,	1),
(504,	12,	2,	'2024-11-26',	NULL,	1),
(505,	12,	2,	'2024-11-26',	NULL,	1),
(506,	12,	2,	'2024-11-26',	NULL,	1),
(507,	12,	2,	'2024-11-26',	NULL,	1),
(508,	12,	2,	'2024-11-26',	NULL,	1),
(509,	12,	2,	'2024-11-26',	NULL,	1),
(510,	12,	2,	'2024-11-26',	NULL,	1),
(511,	12,	2,	'2024-11-26',	NULL,	1),
(512,	12,	2,	'2024-11-26',	NULL,	1),
(513,	12,	2,	'2024-11-26',	NULL,	1),
(514,	12,	2,	'2024-11-26',	NULL,	1),
(515,	12,	2,	'2024-11-26',	NULL,	1),
(516,	12,	2,	'2024-11-26',	NULL,	1),
(517,	12,	2,	'2024-11-26',	NULL,	1),
(518,	12,	2,	'2024-11-26',	NULL,	1),
(519,	12,	2,	'2024-11-26',	NULL,	1),
(520,	12,	2,	'2024-11-26',	NULL,	1),
(521,	12,	2,	'2024-11-26',	NULL,	1),
(522,	12,	2,	'2024-11-26',	NULL,	1),
(523,	12,	2,	'2024-11-26',	NULL,	1),
(524,	12,	2,	'2024-11-26',	NULL,	1),
(525,	12,	2,	'2024-11-26',	NULL,	1),
(526,	12,	2,	'2024-11-26',	NULL,	1),
(527,	12,	2,	'2024-11-26',	NULL,	1),
(528,	12,	2,	'2024-11-26',	NULL,	1),
(529,	12,	2,	'2024-11-26',	NULL,	1),
(530,	12,	2,	'2024-11-26',	NULL,	1),
(531,	12,	2,	'2024-11-26',	NULL,	1),
(532,	12,	2,	'2024-11-26',	NULL,	1),
(533,	12,	2,	'2024-11-26',	NULL,	1),
(534,	12,	2,	'2024-11-26',	NULL,	1),
(535,	12,	2,	'2024-11-26',	NULL,	1),
(536,	12,	2,	'2024-11-26',	NULL,	1),
(537,	12,	2,	'2024-11-26',	NULL,	1),
(538,	12,	2,	'2024-11-26',	NULL,	1),
(539,	12,	2,	'2024-11-26',	NULL,	1),
(540,	12,	2,	'2024-11-26',	NULL,	1),
(541,	12,	2,	'2024-11-26',	NULL,	1),
(542,	12,	2,	'2024-11-26',	NULL,	1),
(543,	12,	2,	'2024-11-26',	NULL,	1),
(544,	12,	2,	'2024-11-26',	NULL,	1),
(545,	12,	2,	'2024-11-26',	NULL,	1),
(546,	12,	2,	'2024-11-26',	NULL,	1),
(547,	12,	2,	'2024-11-26',	NULL,	1),
(548,	12,	2,	'2024-11-26',	NULL,	1),
(549,	12,	2,	'2024-11-26',	NULL,	1),
(550,	12,	2,	'2024-11-26',	NULL,	1),
(551,	12,	2,	'2024-11-26',	NULL,	1),
(552,	12,	2,	'2024-11-26',	NULL,	1),
(553,	12,	2,	'2024-11-26',	NULL,	1),
(554,	12,	2,	'2024-11-26',	NULL,	1),
(555,	12,	2,	'2024-11-26',	NULL,	1),
(556,	12,	2,	'2024-11-26',	NULL,	1),
(557,	12,	2,	'2024-11-26',	NULL,	1),
(558,	12,	2,	'2024-11-26',	NULL,	1),
(559,	12,	2,	'2024-11-26',	NULL,	1),
(560,	12,	2,	'2024-11-26',	NULL,	1),
(561,	12,	2,	'2024-11-26',	NULL,	1),
(562,	12,	2,	'2024-11-26',	NULL,	1),
(563,	12,	2,	'2024-11-26',	NULL,	1),
(564,	12,	2,	'2024-11-26',	NULL,	1),
(565,	12,	2,	'2024-11-26',	NULL,	1),
(566,	12,	2,	'2024-11-26',	NULL,	1),
(567,	12,	2,	'2024-11-26',	NULL,	1),
(568,	12,	2,	'2024-11-26',	NULL,	1),
(569,	12,	2,	'2024-11-26',	NULL,	1),
(570,	12,	2,	'2024-11-26',	NULL,	1),
(571,	12,	2,	'2024-11-26',	NULL,	1),
(572,	12,	2,	'2024-11-26',	NULL,	1),
(573,	12,	2,	'2024-11-26',	NULL,	1),
(574,	12,	2,	'2024-11-26',	NULL,	1),
(575,	12,	2,	'2024-11-26',	NULL,	1),
(576,	12,	2,	'2024-11-26',	NULL,	1),
(577,	12,	2,	'2024-11-26',	NULL,	1),
(578,	12,	2,	'2024-11-26',	NULL,	1),
(579,	12,	2,	'2024-11-26',	NULL,	1),
(580,	12,	2,	'2024-11-26',	NULL,	1),
(581,	12,	2,	'2024-11-26',	NULL,	1),
(582,	12,	2,	'2024-11-26',	NULL,	1),
(583,	12,	2,	'2024-11-26',	NULL,	1),
(584,	12,	2,	'2024-11-26',	NULL,	1),
(585,	12,	2,	'2024-11-26',	NULL,	1),
(586,	12,	2,	'2024-11-26',	NULL,	1),
(587,	12,	2,	'2024-11-26',	NULL,	1),
(588,	12,	2,	'2024-11-26',	NULL,	1),
(589,	12,	2,	'2024-11-26',	NULL,	1),
(590,	12,	2,	'2024-11-26',	NULL,	1),
(591,	12,	2,	'2024-11-26',	NULL,	1),
(592,	12,	2,	'2024-11-26',	NULL,	1),
(593,	12,	2,	'2024-11-26',	NULL,	1),
(594,	12,	2,	'2024-11-26',	NULL,	1),
(595,	12,	2,	'2024-11-26',	NULL,	1),
(596,	12,	2,	'2024-11-26',	NULL,	1),
(597,	12,	2,	'2024-11-26',	NULL,	1),
(598,	12,	2,	'2024-11-26',	NULL,	1),
(599,	12,	2,	'2024-11-26',	NULL,	1),
(600,	12,	2,	'2024-11-26',	NULL,	1),
(601,	12,	2,	'2024-11-26',	NULL,	1),
(602,	12,	2,	'2024-11-26',	NULL,	1),
(603,	12,	2,	'2024-11-26',	NULL,	1),
(604,	12,	2,	'2024-11-26',	NULL,	1),
(605,	12,	2,	'2024-11-26',	NULL,	1),
(606,	12,	2,	'2024-11-26',	NULL,	1),
(607,	12,	2,	'2024-11-26',	NULL,	1),
(608,	12,	2,	'2024-11-26',	NULL,	1),
(609,	12,	2,	'2024-11-26',	NULL,	1),
(610,	12,	2,	'2024-11-26',	NULL,	1),
(611,	12,	2,	'2024-11-26',	NULL,	1),
(612,	12,	2,	'2024-11-26',	NULL,	1),
(613,	12,	2,	'2024-11-26',	NULL,	1),
(614,	12,	2,	'2024-11-26',	NULL,	1),
(615,	12,	2,	'2024-11-26',	NULL,	1),
(616,	12,	2,	'2024-11-26',	NULL,	1),
(617,	12,	2,	'2024-11-26',	NULL,	1),
(618,	12,	2,	'2024-11-26',	NULL,	1),
(619,	12,	2,	'2024-11-26',	NULL,	1),
(620,	12,	2,	'2024-11-26',	NULL,	1),
(621,	12,	2,	'2024-11-26',	NULL,	1),
(622,	12,	2,	'2024-11-26',	NULL,	1),
(623,	12,	2,	'2024-11-26',	NULL,	1),
(624,	12,	2,	'2024-11-26',	NULL,	1),
(625,	12,	2,	'2024-11-26',	NULL,	1),
(626,	12,	2,	'2024-11-26',	NULL,	1),
(627,	12,	2,	'2024-11-26',	NULL,	1),
(628,	12,	2,	'2024-11-26',	NULL,	1),
(629,	12,	2,	'2024-11-26',	NULL,	1),
(630,	12,	2,	'2024-11-26',	NULL,	1),
(631,	12,	2,	'2024-11-26',	NULL,	1),
(632,	12,	2,	'2024-11-26',	NULL,	1),
(633,	12,	2,	'2024-11-26',	NULL,	1),
(634,	12,	2,	'2024-11-26',	NULL,	1),
(635,	12,	2,	'2024-11-26',	NULL,	1),
(636,	12,	2,	'2024-11-26',	NULL,	1),
(637,	12,	2,	'2024-11-26',	NULL,	1),
(638,	12,	2,	'2024-11-26',	NULL,	1),
(639,	12,	2,	'2024-11-26',	NULL,	1),
(640,	12,	2,	'2024-11-26',	NULL,	1),
(641,	12,	2,	'2024-11-26',	NULL,	1),
(642,	12,	2,	'2024-11-26',	NULL,	1),
(643,	12,	2,	'2024-11-26',	NULL,	1),
(644,	12,	2,	'2024-11-26',	NULL,	1),
(645,	12,	2,	'2024-11-26',	NULL,	1),
(646,	12,	2,	'2024-11-26',	NULL,	1),
(647,	12,	2,	'2024-11-26',	NULL,	1),
(648,	12,	2,	'2024-11-26',	NULL,	1),
(649,	12,	2,	'2024-11-26',	NULL,	1),
(650,	12,	2,	'2024-11-26',	NULL,	1),
(651,	12,	2,	'2024-11-26',	NULL,	1),
(652,	12,	2,	'2024-11-26',	NULL,	1),
(653,	12,	2,	'2024-11-26',	NULL,	1),
(654,	12,	2,	'2024-11-26',	NULL,	1),
(655,	12,	2,	'2024-11-26',	NULL,	1),
(656,	12,	2,	'2024-11-26',	NULL,	1),
(657,	12,	2,	'2024-11-26',	NULL,	1),
(658,	12,	2,	'2024-11-26',	NULL,	1),
(659,	12,	2,	'2024-11-26',	NULL,	1),
(660,	12,	2,	'2024-11-26',	NULL,	1),
(661,	12,	2,	'2024-11-26',	NULL,	1),
(662,	12,	2,	'2024-11-26',	NULL,	1),
(663,	12,	2,	'2024-11-26',	NULL,	1),
(664,	12,	2,	'2024-11-26',	NULL,	1),
(665,	12,	2,	'2024-11-26',	NULL,	1),
(666,	12,	2,	'2024-11-26',	NULL,	1),
(667,	12,	2,	'2024-11-26',	NULL,	1),
(668,	12,	2,	'2024-11-26',	NULL,	1),
(669,	12,	2,	'2024-11-26',	NULL,	1),
(670,	12,	2,	'2024-11-26',	NULL,	1),
(671,	12,	2,	'2024-11-26',	NULL,	1),
(672,	12,	2,	'2024-11-26',	NULL,	1),
(673,	12,	2,	'2024-11-26',	NULL,	1),
(674,	12,	2,	'2024-11-26',	NULL,	1),
(675,	12,	2,	'2024-11-26',	NULL,	1),
(676,	12,	2,	'2024-11-26',	NULL,	1),
(677,	12,	2,	'2024-11-26',	NULL,	1),
(678,	12,	2,	'2024-11-26',	NULL,	1),
(679,	12,	2,	'2024-11-26',	NULL,	1),
(680,	12,	2,	'2024-11-26',	NULL,	1),
(681,	12,	2,	'2024-11-26',	NULL,	1),
(682,	12,	2,	'2024-11-26',	NULL,	1),
(683,	12,	2,	'2024-11-26',	NULL,	1),
(684,	12,	2,	'2024-11-26',	NULL,	1),
(685,	12,	2,	'2024-11-26',	NULL,	1),
(686,	12,	2,	'2024-11-26',	NULL,	1),
(687,	12,	2,	'2024-11-26',	NULL,	1),
(688,	12,	2,	'2024-11-26',	NULL,	1),
(689,	12,	2,	'2024-11-26',	NULL,	1),
(690,	12,	2,	'2024-11-26',	NULL,	1),
(691,	12,	2,	'2024-11-26',	NULL,	1),
(692,	12,	2,	'2024-11-26',	NULL,	1),
(693,	12,	2,	'2024-11-26',	NULL,	1),
(694,	12,	2,	'2024-11-26',	NULL,	1),
(695,	12,	2,	'2024-11-26',	NULL,	1),
(696,	12,	2,	'2024-11-26',	NULL,	1),
(697,	12,	2,	'2024-11-26',	NULL,	1),
(698,	12,	2,	'2024-11-26',	NULL,	1),
(699,	12,	2,	'2024-11-26',	NULL,	1),
(700,	12,	2,	'2024-11-26',	NULL,	1),
(701,	12,	2,	'2024-11-26',	NULL,	1),
(702,	12,	2,	'2024-11-26',	NULL,	1),
(703,	12,	2,	'2024-11-26',	NULL,	1),
(704,	12,	2,	'2024-11-26',	NULL,	1),
(705,	12,	2,	'2024-11-26',	NULL,	1),
(706,	12,	2,	'2024-11-26',	NULL,	1),
(707,	12,	2,	'2024-11-26',	NULL,	1),
(708,	12,	2,	'2024-11-26',	NULL,	1),
(709,	12,	2,	'2024-11-26',	NULL,	1),
(710,	12,	2,	'2024-11-26',	NULL,	1),
(711,	12,	2,	'2024-11-26',	NULL,	1),
(712,	12,	2,	'2024-11-26',	NULL,	1),
(713,	12,	2,	'2024-11-26',	NULL,	1),
(714,	12,	2,	'2024-11-26',	NULL,	1),
(715,	12,	2,	'2024-11-26',	NULL,	1),
(716,	12,	2,	'2024-11-26',	NULL,	1),
(717,	12,	2,	'2024-11-26',	NULL,	1),
(718,	12,	2,	'2024-11-26',	NULL,	1),
(719,	12,	2,	'2024-11-26',	NULL,	1),
(720,	12,	2,	'2024-11-26',	NULL,	1),
(721,	12,	2,	'2024-11-26',	NULL,	1),
(722,	12,	2,	'2024-11-26',	NULL,	1),
(723,	12,	2,	'2024-11-26',	NULL,	1),
(724,	12,	2,	'2024-11-26',	NULL,	1),
(725,	12,	2,	'2024-11-26',	NULL,	1),
(726,	12,	2,	'2024-11-26',	NULL,	1),
(727,	12,	2,	'2024-11-26',	NULL,	1),
(728,	12,	2,	'2024-11-26',	NULL,	1),
(729,	12,	2,	'2024-11-26',	NULL,	1),
(730,	12,	2,	'2024-11-26',	NULL,	1),
(731,	12,	2,	'2024-11-26',	NULL,	1),
(732,	12,	2,	'2024-11-26',	NULL,	1),
(733,	12,	2,	'2024-11-26',	NULL,	1),
(734,	12,	2,	'2024-11-26',	NULL,	1),
(735,	12,	2,	'2024-11-26',	NULL,	1),
(736,	12,	2,	'2024-11-26',	NULL,	1),
(737,	12,	2,	'2024-11-26',	NULL,	1),
(738,	12,	2,	'2024-11-26',	NULL,	1),
(739,	12,	2,	'2024-11-26',	NULL,	1),
(740,	12,	2,	'2024-11-26',	NULL,	1),
(741,	12,	2,	'2024-11-26',	NULL,	1),
(742,	12,	2,	'2024-11-26',	NULL,	1),
(743,	12,	2,	'2024-11-26',	NULL,	1),
(744,	12,	2,	'2024-11-26',	NULL,	1),
(745,	12,	2,	'2024-11-26',	NULL,	1),
(746,	12,	2,	'2024-11-26',	NULL,	1),
(747,	12,	2,	'2024-11-26',	NULL,	1),
(748,	12,	2,	'2024-11-26',	NULL,	1),
(749,	12,	2,	'2024-11-26',	NULL,	1),
(750,	12,	2,	'2024-11-26',	NULL,	1),
(751,	12,	2,	'2024-11-26',	NULL,	1),
(752,	12,	2,	'2024-11-26',	NULL,	1),
(753,	12,	2,	'2024-11-26',	NULL,	1),
(754,	12,	2,	'2024-11-26',	NULL,	1),
(755,	12,	2,	'2024-11-26',	NULL,	1),
(756,	12,	2,	'2024-11-26',	NULL,	1),
(757,	12,	2,	'2024-11-26',	NULL,	1),
(758,	12,	2,	'2024-11-26',	NULL,	1),
(759,	12,	2,	'2024-11-26',	NULL,	1),
(760,	12,	2,	'2024-11-26',	NULL,	1),
(761,	12,	2,	'2024-11-26',	NULL,	1),
(762,	12,	2,	'2024-11-26',	NULL,	1),
(763,	12,	2,	'2024-11-26',	NULL,	1),
(764,	12,	2,	'2024-11-26',	NULL,	1),
(765,	12,	2,	'2024-11-26',	NULL,	1),
(766,	12,	2,	'2024-11-26',	NULL,	1),
(767,	12,	2,	'2024-11-26',	NULL,	1),
(768,	12,	2,	'2024-11-26',	NULL,	1),
(769,	12,	2,	'2024-11-26',	NULL,	1),
(770,	12,	2,	'2024-11-26',	NULL,	1),
(771,	12,	2,	'2024-11-26',	NULL,	1),
(772,	12,	2,	'2024-11-26',	NULL,	1),
(773,	12,	2,	'2024-11-26',	NULL,	1),
(774,	12,	2,	'2024-11-26',	NULL,	1),
(775,	12,	2,	'2024-11-26',	NULL,	1),
(776,	12,	2,	'2024-11-26',	NULL,	1),
(777,	12,	2,	'2024-11-26',	NULL,	1),
(778,	12,	2,	'2024-11-26',	NULL,	1),
(779,	12,	2,	'2024-11-26',	NULL,	1),
(780,	12,	2,	'2024-11-26',	NULL,	1),
(781,	12,	2,	'2024-11-26',	NULL,	1),
(782,	12,	2,	'2024-11-26',	NULL,	1),
(783,	12,	2,	'2024-11-26',	NULL,	1),
(784,	12,	2,	'2024-11-26',	NULL,	1),
(785,	12,	2,	'2024-11-26',	NULL,	1),
(786,	12,	2,	'2024-11-26',	NULL,	1),
(787,	12,	2,	'2024-11-26',	NULL,	1),
(788,	12,	2,	'2024-11-26',	NULL,	1),
(789,	12,	2,	'2024-11-26',	NULL,	1),
(790,	12,	2,	'2024-11-26',	NULL,	1),
(791,	12,	2,	'2024-11-26',	NULL,	1),
(792,	12,	2,	'2024-11-26',	NULL,	1),
(793,	12,	2,	'2024-11-26',	NULL,	1),
(794,	12,	2,	'2024-11-26',	NULL,	1),
(795,	12,	2,	'2024-11-26',	NULL,	1),
(796,	12,	2,	'2024-11-26',	NULL,	1),
(797,	12,	2,	'2024-11-26',	NULL,	1),
(798,	12,	2,	'2024-11-26',	NULL,	1),
(799,	12,	2,	'2024-11-26',	NULL,	1),
(800,	12,	2,	'2024-11-26',	NULL,	1),
(801,	12,	2,	'2024-11-26',	NULL,	1),
(802,	12,	2,	'2024-11-26',	NULL,	1),
(803,	12,	2,	'2024-11-26',	NULL,	1),
(804,	12,	2,	'2024-11-26',	NULL,	1),
(805,	12,	2,	'2024-11-26',	NULL,	1),
(806,	12,	2,	'2024-11-26',	NULL,	1),
(807,	12,	2,	'2024-11-26',	NULL,	1),
(808,	12,	2,	'2024-11-26',	NULL,	1),
(809,	12,	2,	'2024-11-26',	NULL,	1),
(810,	12,	2,	'2024-11-26',	NULL,	1),
(811,	12,	2,	'2024-11-26',	NULL,	1),
(812,	12,	2,	'2024-11-26',	NULL,	1),
(813,	12,	2,	'2024-11-26',	NULL,	1),
(814,	12,	2,	'2024-11-26',	NULL,	1),
(815,	12,	2,	'2024-11-26',	NULL,	1),
(816,	12,	2,	'2024-11-26',	NULL,	1),
(817,	12,	2,	'2024-11-26',	NULL,	1),
(818,	12,	2,	'2024-11-26',	NULL,	1),
(819,	12,	2,	'2024-11-26',	NULL,	1),
(820,	12,	2,	'2024-11-26',	NULL,	1),
(821,	12,	2,	'2024-11-26',	NULL,	1),
(822,	12,	2,	'2024-11-26',	NULL,	1),
(823,	12,	2,	'2024-11-26',	NULL,	1),
(824,	12,	2,	'2024-11-26',	NULL,	1),
(825,	12,	2,	'2024-11-26',	NULL,	1),
(826,	12,	2,	'2024-11-26',	NULL,	1),
(827,	12,	2,	'2024-11-26',	NULL,	1),
(828,	12,	2,	'2024-11-26',	NULL,	1),
(829,	12,	2,	'2024-11-26',	NULL,	1),
(830,	12,	2,	'2024-11-26',	NULL,	1),
(831,	12,	2,	'2024-11-26',	NULL,	1),
(832,	12,	2,	'2024-11-26',	NULL,	1),
(833,	12,	2,	'2024-11-26',	NULL,	1),
(834,	12,	2,	'2024-11-26',	NULL,	1),
(835,	12,	2,	'2024-11-26',	NULL,	1),
(836,	12,	2,	'2024-11-26',	NULL,	1),
(837,	12,	2,	'2024-11-26',	NULL,	1),
(838,	12,	2,	'2024-11-26',	NULL,	1),
(839,	12,	2,	'2024-11-26',	NULL,	1),
(840,	12,	2,	'2024-11-26',	NULL,	1),
(841,	12,	2,	'2024-11-26',	NULL,	1),
(842,	12,	2,	'2024-11-26',	NULL,	1),
(843,	12,	2,	'2024-11-26',	NULL,	1),
(844,	12,	2,	'2024-11-26',	NULL,	1),
(845,	12,	2,	'2024-11-26',	NULL,	1),
(846,	12,	2,	'2024-11-26',	NULL,	1),
(847,	12,	2,	'2024-11-26',	NULL,	1),
(848,	12,	2,	'2024-11-26',	NULL,	1),
(849,	12,	2,	'2024-11-26',	NULL,	1),
(850,	12,	2,	'2024-11-26',	NULL,	1),
(851,	12,	2,	'2024-11-26',	NULL,	1),
(852,	12,	2,	'2024-11-26',	NULL,	1),
(853,	12,	2,	'2024-11-26',	NULL,	1),
(854,	12,	2,	'2024-11-26',	NULL,	1),
(855,	12,	2,	'2024-11-26',	NULL,	1),
(856,	12,	2,	'2024-11-26',	NULL,	1),
(857,	12,	2,	'2024-11-26',	NULL,	1),
(858,	12,	2,	'2024-11-26',	NULL,	1),
(859,	12,	2,	'2024-11-26',	NULL,	1),
(860,	12,	2,	'2024-11-26',	NULL,	1),
(861,	12,	2,	'2024-11-26',	NULL,	1),
(862,	12,	2,	'2024-11-26',	NULL,	1),
(863,	12,	2,	'2024-11-26',	NULL,	1),
(864,	12,	2,	'2024-11-26',	NULL,	1),
(865,	12,	2,	'2024-11-26',	NULL,	1),
(866,	12,	2,	'2024-11-26',	NULL,	1),
(867,	12,	2,	'2024-11-26',	NULL,	1),
(868,	12,	2,	'2024-11-26',	NULL,	1),
(869,	12,	2,	'2024-11-26',	NULL,	1),
(870,	12,	2,	'2024-11-26',	NULL,	1),
(871,	12,	2,	'2024-11-26',	NULL,	1),
(872,	12,	2,	'2024-11-26',	NULL,	1),
(873,	12,	2,	'2024-11-26',	NULL,	1),
(874,	12,	2,	'2024-11-26',	NULL,	1),
(875,	12,	2,	'2024-11-26',	NULL,	1),
(876,	12,	2,	'2024-11-26',	NULL,	1),
(877,	12,	2,	'2024-11-26',	NULL,	1),
(878,	12,	2,	'2024-11-26',	NULL,	1),
(879,	12,	2,	'2024-11-26',	NULL,	1),
(880,	12,	2,	'2024-11-26',	NULL,	1),
(881,	12,	2,	'2024-11-26',	NULL,	1),
(882,	12,	2,	'2024-11-26',	NULL,	1),
(883,	12,	2,	'2024-11-26',	NULL,	1),
(884,	12,	2,	'2024-11-26',	NULL,	1),
(885,	12,	2,	'2024-11-26',	NULL,	1),
(886,	12,	2,	'2024-11-26',	NULL,	1),
(887,	12,	2,	'2024-11-26',	NULL,	1),
(888,	12,	2,	'2024-11-26',	NULL,	1),
(889,	12,	2,	'2024-11-26',	NULL,	1),
(890,	12,	2,	'2024-11-26',	NULL,	1),
(891,	12,	2,	'2024-11-26',	NULL,	1),
(892,	12,	2,	'2024-11-26',	NULL,	1),
(893,	12,	2,	'2024-11-26',	NULL,	1),
(894,	12,	2,	'2024-11-26',	NULL,	1),
(895,	12,	2,	'2024-11-26',	NULL,	1),
(896,	12,	2,	'2024-11-26',	NULL,	1),
(897,	12,	2,	'2024-11-26',	NULL,	1),
(898,	12,	2,	'2024-11-26',	NULL,	1),
(899,	12,	2,	'2024-11-26',	NULL,	1),
(900,	12,	2,	'2024-11-26',	NULL,	1),
(901,	12,	2,	'2024-11-26',	NULL,	1),
(902,	12,	2,	'2024-11-26',	NULL,	1),
(903,	12,	2,	'2024-11-26',	NULL,	1),
(904,	12,	2,	'2024-11-26',	NULL,	1),
(905,	12,	2,	'2024-11-26',	NULL,	1),
(906,	12,	2,	'2024-11-26',	NULL,	1),
(907,	12,	2,	'2024-11-26',	NULL,	1),
(908,	12,	2,	'2024-11-26',	NULL,	1),
(909,	12,	2,	'2024-11-26',	NULL,	1),
(910,	12,	2,	'2024-11-26',	NULL,	1),
(911,	12,	2,	'2024-11-26',	NULL,	1),
(912,	12,	2,	'2024-11-26',	NULL,	1),
(913,	12,	2,	'2024-11-26',	NULL,	1),
(914,	12,	2,	'2024-11-26',	NULL,	1),
(915,	12,	2,	'2024-11-26',	NULL,	1),
(916,	12,	2,	'2024-11-26',	NULL,	1),
(917,	12,	2,	'2024-11-26',	NULL,	1),
(918,	12,	2,	'2024-11-26',	NULL,	1),
(919,	12,	2,	'2024-11-26',	NULL,	1),
(920,	12,	2,	'2024-11-26',	NULL,	1),
(921,	12,	2,	'2024-11-26',	NULL,	1),
(922,	12,	2,	'2024-11-26',	NULL,	1),
(923,	12,	2,	'2024-11-26',	NULL,	1),
(924,	12,	2,	'2024-11-26',	NULL,	1),
(925,	12,	2,	'2024-11-26',	NULL,	1),
(926,	12,	2,	'2024-11-26',	NULL,	1),
(927,	12,	2,	'2024-11-26',	NULL,	1),
(928,	12,	2,	'2024-11-26',	NULL,	1),
(929,	12,	2,	'2024-11-26',	NULL,	1),
(930,	12,	2,	'2024-11-26',	NULL,	1),
(931,	12,	2,	'2024-11-26',	NULL,	1),
(932,	12,	2,	'2024-11-26',	NULL,	1),
(933,	12,	2,	'2024-11-26',	NULL,	1),
(934,	12,	2,	'2024-11-26',	NULL,	1),
(935,	12,	2,	'2024-11-26',	NULL,	1),
(936,	12,	2,	'2024-11-26',	NULL,	1),
(937,	12,	2,	'2024-11-26',	NULL,	1),
(938,	12,	2,	'2024-11-26',	NULL,	1),
(939,	12,	2,	'2024-11-26',	NULL,	1),
(940,	12,	2,	'2024-11-26',	NULL,	1),
(941,	12,	2,	'2024-11-26',	NULL,	1),
(942,	12,	2,	'2024-11-26',	NULL,	1),
(943,	12,	2,	'2024-11-26',	NULL,	1),
(944,	12,	2,	'2024-11-26',	NULL,	1),
(945,	12,	2,	'2024-11-26',	NULL,	1),
(946,	12,	2,	'2024-11-26',	NULL,	1),
(947,	12,	2,	'2024-11-26',	NULL,	1),
(948,	12,	2,	'2024-11-26',	NULL,	1),
(949,	12,	2,	'2024-11-26',	NULL,	1),
(950,	12,	2,	'2024-11-26',	NULL,	1),
(951,	12,	2,	'2024-11-26',	NULL,	1),
(952,	12,	2,	'2024-11-26',	NULL,	1),
(953,	12,	2,	'2024-11-26',	NULL,	1),
(954,	12,	2,	'2024-11-26',	NULL,	1),
(955,	12,	2,	'2024-11-26',	NULL,	1),
(956,	12,	2,	'2024-11-26',	NULL,	1),
(957,	12,	2,	'2024-11-26',	NULL,	1),
(958,	12,	2,	'2024-11-26',	NULL,	1),
(959,	12,	2,	'2024-11-26',	NULL,	1),
(960,	12,	2,	'2024-11-26',	NULL,	1),
(961,	12,	2,	'2024-11-26',	NULL,	1),
(962,	12,	2,	'2024-11-26',	NULL,	1),
(963,	12,	2,	'2024-11-26',	NULL,	1),
(964,	12,	2,	'2024-11-26',	NULL,	1),
(965,	12,	2,	'2024-11-26',	NULL,	1),
(966,	12,	2,	'2024-11-26',	NULL,	1),
(967,	12,	2,	'2024-11-26',	NULL,	1),
(968,	12,	2,	'2024-11-26',	NULL,	1),
(969,	12,	2,	'2024-11-26',	NULL,	1),
(970,	12,	2,	'2024-11-26',	NULL,	1),
(971,	12,	2,	'2024-11-26',	NULL,	1),
(972,	12,	2,	'2024-11-26',	NULL,	1),
(973,	12,	2,	'2024-11-26',	NULL,	1),
(974,	12,	2,	'2024-11-26',	NULL,	1),
(975,	12,	2,	'2024-11-26',	NULL,	1),
(976,	12,	2,	'2024-11-26',	NULL,	1),
(977,	12,	2,	'2024-11-26',	NULL,	1),
(978,	12,	2,	'2024-11-26',	NULL,	1),
(979,	12,	2,	'2024-11-26',	NULL,	1),
(980,	12,	2,	'2024-11-26',	NULL,	1),
(981,	12,	2,	'2024-11-26',	NULL,	1),
(982,	12,	2,	'2024-11-26',	NULL,	1),
(983,	12,	2,	'2024-11-26',	NULL,	1),
(984,	12,	2,	'2024-11-26',	NULL,	1),
(985,	12,	2,	'2024-11-26',	NULL,	1),
(986,	12,	2,	'2024-11-26',	NULL,	1),
(987,	12,	2,	'2024-11-26',	NULL,	1),
(988,	12,	2,	'2024-11-26',	NULL,	1),
(989,	12,	2,	'2024-11-26',	NULL,	1),
(990,	12,	2,	'2024-11-26',	NULL,	1),
(991,	12,	2,	'2024-11-26',	NULL,	1),
(992,	12,	2,	'2024-11-26',	NULL,	1),
(993,	12,	2,	'2024-11-26',	NULL,	1),
(994,	12,	2,	'2024-11-26',	NULL,	1),
(995,	12,	2,	'2024-11-26',	NULL,	1),
(996,	12,	2,	'2024-11-26',	NULL,	1),
(997,	12,	2,	'2024-11-26',	NULL,	1),
(998,	12,	2,	'2024-11-26',	NULL,	1),
(999,	12,	2,	'2024-11-26',	NULL,	1),
(1000,	12,	2,	'2024-11-26',	NULL,	1),
(1001,	12,	2,	'2024-11-26',	NULL,	1),
(1002,	12,	2,	'2024-11-26',	NULL,	1),
(1003,	12,	2,	'2024-11-26',	NULL,	1),
(1004,	12,	2,	'2024-11-26',	NULL,	1),
(1005,	12,	2,	'2024-11-26',	NULL,	1),
(1006,	12,	2,	'2024-11-26',	NULL,	1),
(1007,	12,	2,	'2024-11-26',	NULL,	1),
(1008,	12,	2,	'2024-11-26',	NULL,	1),
(1009,	12,	2,	'2024-11-26',	NULL,	1),
(1010,	12,	2,	'2024-11-26',	NULL,	1),
(1011,	12,	2,	'2024-11-26',	NULL,	1),
(1012,	12,	2,	'2024-11-26',	NULL,	1),
(1013,	12,	2,	'2024-11-26',	NULL,	1),
(1014,	12,	2,	'2024-11-26',	NULL,	1),
(1015,	12,	2,	'2024-11-26',	NULL,	1),
(1016,	12,	2,	'2024-11-26',	NULL,	1),
(1017,	12,	2,	'2024-11-26',	NULL,	1),
(1018,	12,	2,	'2024-11-26',	NULL,	1),
(1019,	12,	2,	'2024-11-26',	NULL,	1),
(1020,	12,	2,	'2024-11-26',	NULL,	1),
(1021,	12,	2,	'2024-11-26',	NULL,	1),
(1022,	12,	2,	'2024-11-26',	NULL,	1),
(1023,	12,	2,	'2024-11-26',	NULL,	1),
(1024,	12,	2,	'2024-11-26',	NULL,	1),
(1025,	12,	2,	'2024-11-26',	NULL,	1),
(1026,	12,	2,	'2024-11-26',	NULL,	1),
(1027,	12,	2,	'2024-11-26',	NULL,	1),
(1028,	12,	2,	'2024-11-26',	NULL,	1),
(1029,	12,	2,	'2024-11-26',	NULL,	1),
(1030,	12,	2,	'2024-11-26',	NULL,	1),
(1031,	12,	2,	'2024-11-26',	NULL,	1),
(1032,	12,	2,	'2024-11-26',	NULL,	1),
(1033,	12,	2,	'2024-11-26',	NULL,	1),
(1034,	12,	2,	'2024-11-26',	NULL,	1),
(1035,	12,	2,	'2024-11-26',	NULL,	1),
(1036,	12,	2,	'2024-11-26',	NULL,	1),
(1037,	12,	2,	'2024-11-26',	NULL,	1),
(1038,	12,	2,	'2024-11-26',	NULL,	1),
(1039,	12,	2,	'2024-11-26',	NULL,	1),
(1040,	12,	2,	'2024-11-26',	NULL,	1),
(1041,	12,	2,	'2024-11-26',	NULL,	1),
(1042,	12,	2,	'2024-11-26',	NULL,	1),
(1043,	12,	2,	'2024-11-26',	NULL,	1),
(1044,	12,	2,	'2024-11-26',	NULL,	1),
(1045,	12,	2,	'2024-11-26',	NULL,	1),
(1046,	12,	2,	'2024-11-26',	NULL,	1),
(1047,	12,	2,	'2024-11-26',	NULL,	1),
(1048,	12,	2,	'2024-11-26',	NULL,	1),
(1049,	12,	2,	'2024-11-26',	NULL,	1),
(1050,	12,	2,	'2024-11-26',	NULL,	1),
(1051,	12,	2,	'2024-11-26',	NULL,	1),
(1052,	12,	2,	'2024-11-26',	NULL,	1),
(1053,	12,	2,	'2024-11-26',	NULL,	1),
(1054,	12,	2,	'2024-11-26',	NULL,	1),
(1055,	12,	2,	'2024-11-26',	NULL,	1),
(1056,	12,	2,	'2024-11-26',	NULL,	1),
(1057,	12,	2,	'2024-11-26',	NULL,	1),
(1058,	12,	2,	'2024-11-26',	NULL,	1),
(1059,	12,	2,	'2024-11-26',	NULL,	1),
(1060,	12,	2,	'2024-11-26',	NULL,	1),
(1061,	12,	2,	'2024-11-26',	NULL,	1),
(1062,	12,	2,	'2024-11-26',	NULL,	1),
(1063,	12,	2,	'2024-11-26',	NULL,	1),
(1064,	12,	2,	'2024-11-26',	NULL,	1),
(1065,	12,	2,	'2024-11-26',	NULL,	1),
(1066,	12,	2,	'2024-11-26',	NULL,	1),
(1067,	12,	2,	'2024-11-26',	NULL,	1),
(1068,	12,	2,	'2024-11-26',	NULL,	1),
(1069,	12,	2,	'2024-11-26',	NULL,	1),
(1070,	12,	2,	'2024-11-26',	NULL,	1),
(1071,	12,	2,	'2024-11-26',	NULL,	1),
(1072,	12,	2,	'2024-11-26',	NULL,	1),
(1073,	12,	2,	'2024-11-26',	NULL,	1),
(1074,	12,	2,	'2024-11-26',	NULL,	1),
(1075,	12,	2,	'2024-11-26',	NULL,	1),
(1076,	12,	2,	'2024-11-26',	NULL,	1),
(1077,	12,	2,	'2024-11-26',	NULL,	1),
(1078,	12,	2,	'2024-11-26',	NULL,	1),
(1079,	12,	2,	'2024-11-26',	NULL,	1),
(1080,	12,	2,	'2024-11-26',	NULL,	1),
(1081,	12,	2,	'2024-11-26',	NULL,	1),
(1082,	12,	2,	'2024-11-26',	NULL,	1),
(1083,	12,	2,	'2024-11-26',	NULL,	1),
(1084,	12,	2,	'2024-11-26',	NULL,	1),
(1085,	12,	2,	'2024-11-26',	NULL,	1),
(1086,	12,	2,	'2024-11-26',	NULL,	1),
(1087,	12,	2,	'2024-11-26',	NULL,	1),
(1088,	12,	2,	'2024-11-26',	NULL,	1),
(1089,	12,	2,	'2024-11-26',	NULL,	1),
(1090,	12,	2,	'2024-11-26',	NULL,	1),
(1091,	12,	2,	'2024-11-26',	NULL,	1),
(1092,	12,	2,	'2024-11-26',	NULL,	1),
(1093,	12,	2,	'2024-11-26',	NULL,	1),
(1094,	12,	2,	'2024-11-26',	NULL,	1),
(1095,	12,	2,	'2024-11-26',	NULL,	1),
(1096,	12,	2,	'2024-11-26',	NULL,	1),
(1097,	12,	2,	'2024-11-26',	NULL,	1),
(1098,	12,	2,	'2024-11-26',	NULL,	1),
(1099,	12,	2,	'2024-11-26',	NULL,	1),
(1100,	12,	2,	'2024-11-26',	NULL,	1),
(1101,	12,	2,	'2024-11-26',	NULL,	1),
(1102,	12,	2,	'2024-11-26',	NULL,	1),
(1103,	12,	2,	'2024-11-26',	NULL,	1),
(1104,	12,	2,	'2024-11-26',	NULL,	1),
(1105,	12,	2,	'2024-11-26',	NULL,	1),
(1106,	12,	2,	'2024-11-26',	NULL,	1),
(1107,	12,	2,	'2024-11-26',	NULL,	1),
(1108,	12,	2,	'2024-11-26',	NULL,	1),
(1109,	12,	2,	'2024-11-26',	NULL,	1),
(1110,	12,	2,	'2024-11-26',	NULL,	1),
(1111,	12,	2,	'2024-11-26',	NULL,	1),
(1112,	12,	2,	'2024-11-26',	NULL,	1),
(1113,	12,	2,	'2024-11-26',	NULL,	1),
(1114,	12,	2,	'2024-11-26',	NULL,	1),
(1115,	12,	2,	'2024-11-26',	NULL,	1),
(1116,	12,	2,	'2024-11-26',	NULL,	1),
(1117,	12,	2,	'2024-11-26',	NULL,	1),
(1118,	12,	2,	'2024-11-26',	NULL,	1),
(1119,	12,	2,	'2024-11-26',	NULL,	1),
(1120,	12,	2,	'2024-11-26',	NULL,	1),
(1121,	12,	2,	'2024-11-26',	NULL,	1),
(1122,	12,	2,	'2024-11-26',	NULL,	1),
(1123,	12,	2,	'2024-11-26',	NULL,	1),
(1124,	12,	2,	'2024-11-26',	NULL,	1),
(1125,	12,	2,	'2024-11-26',	NULL,	1),
(1126,	12,	2,	'2024-11-26',	NULL,	1),
(1127,	12,	2,	'2024-11-26',	NULL,	1),
(1128,	12,	2,	'2024-11-26',	NULL,	1),
(1129,	12,	2,	'2024-11-26',	NULL,	1),
(1130,	12,	2,	'2024-11-26',	NULL,	1),
(1131,	12,	2,	'2024-11-26',	NULL,	1),
(1132,	12,	2,	'2024-11-26',	NULL,	1),
(1133,	12,	2,	'2024-11-26',	NULL,	1),
(1134,	12,	2,	'2024-11-26',	NULL,	1),
(1135,	12,	2,	'2024-11-26',	NULL,	1),
(1136,	12,	2,	'2024-11-26',	NULL,	1),
(1137,	12,	2,	'2024-11-26',	NULL,	1),
(1138,	12,	2,	'2024-11-26',	NULL,	1),
(1139,	12,	2,	'2024-11-26',	NULL,	1),
(1140,	12,	2,	'2024-11-26',	NULL,	1),
(1141,	12,	2,	'2024-11-26',	NULL,	1),
(1142,	12,	2,	'2024-11-26',	NULL,	1),
(1143,	12,	2,	'2024-11-26',	NULL,	1),
(1144,	12,	2,	'2024-11-26',	NULL,	1),
(1145,	12,	2,	'2024-11-26',	NULL,	1),
(1146,	12,	2,	'2024-11-26',	NULL,	1),
(1147,	12,	2,	'2024-11-26',	NULL,	1),
(1148,	12,	2,	'2024-11-26',	NULL,	1),
(1149,	12,	2,	'2024-11-26',	NULL,	1),
(1150,	12,	2,	'2024-11-26',	NULL,	1),
(1151,	12,	2,	'2024-11-26',	NULL,	1),
(1152,	12,	2,	'2024-11-26',	NULL,	1),
(1153,	12,	2,	'2024-11-26',	NULL,	1),
(1154,	12,	2,	'2024-11-26',	NULL,	1),
(1155,	12,	2,	'2024-11-26',	NULL,	1),
(1156,	12,	2,	'2024-11-26',	NULL,	1),
(1157,	12,	2,	'2024-11-26',	NULL,	1),
(1158,	12,	2,	'2024-11-26',	NULL,	1),
(1159,	12,	2,	'2024-11-26',	NULL,	1),
(1160,	12,	2,	'2024-11-26',	NULL,	1),
(1161,	12,	2,	'2024-11-26',	NULL,	1),
(1162,	12,	2,	'2024-11-26',	NULL,	1),
(1163,	12,	2,	'2024-11-26',	NULL,	1),
(1164,	12,	2,	'2024-11-26',	NULL,	1),
(1165,	12,	2,	'2024-11-26',	NULL,	1),
(1166,	12,	2,	'2024-11-26',	NULL,	1),
(1167,	12,	2,	'2024-11-26',	NULL,	1),
(1168,	12,	2,	'2024-11-26',	NULL,	1),
(1169,	12,	2,	'2024-11-26',	NULL,	1),
(1170,	12,	2,	'2024-11-26',	NULL,	1),
(1171,	12,	2,	'2024-11-26',	NULL,	1),
(1172,	12,	2,	'2024-11-26',	NULL,	1),
(1173,	12,	2,	'2024-11-26',	NULL,	1),
(1174,	12,	2,	'2024-11-26',	NULL,	1),
(1175,	12,	2,	'2024-11-26',	NULL,	1),
(1176,	12,	2,	'2024-11-26',	NULL,	1),
(1177,	12,	2,	'2024-11-26',	NULL,	1),
(1178,	12,	2,	'2024-11-26',	NULL,	1),
(1179,	12,	2,	'2024-11-26',	NULL,	1),
(1180,	12,	2,	'2024-11-26',	NULL,	1),
(1181,	12,	2,	'2024-11-26',	NULL,	1),
(1182,	12,	2,	'2024-11-26',	NULL,	1),
(1183,	12,	2,	'2024-11-26',	NULL,	1),
(1184,	12,	2,	'2024-11-26',	NULL,	1),
(1185,	12,	2,	'2024-11-26',	NULL,	1),
(1186,	12,	2,	'2024-11-26',	NULL,	1),
(1187,	12,	2,	'2024-11-26',	NULL,	1),
(1188,	12,	2,	'2024-11-26',	NULL,	1),
(1189,	12,	2,	'2024-11-26',	NULL,	1),
(1190,	12,	2,	'2024-11-26',	NULL,	1),
(1191,	12,	2,	'2024-11-26',	NULL,	1),
(1192,	12,	2,	'2024-11-26',	NULL,	1),
(1193,	12,	2,	'2024-11-26',	NULL,	1),
(1194,	12,	2,	'2024-11-26',	NULL,	1),
(1195,	12,	2,	'2024-11-26',	NULL,	1),
(1196,	12,	2,	'2024-11-26',	NULL,	1),
(1197,	12,	2,	'2024-11-26',	NULL,	1),
(1198,	12,	2,	'2024-11-26',	NULL,	1),
(1199,	12,	2,	'2024-11-26',	NULL,	1),
(1200,	12,	2,	'2024-11-26',	NULL,	1),
(1201,	12,	2,	'2024-11-26',	NULL,	1),
(1202,	12,	2,	'2024-11-26',	NULL,	1),
(1203,	12,	2,	'2024-11-26',	NULL,	1),
(1204,	12,	2,	'2024-11-26',	NULL,	1),
(1205,	12,	2,	'2024-11-26',	NULL,	1),
(1206,	12,	2,	'2024-11-26',	NULL,	1),
(1207,	12,	2,	'2024-11-26',	NULL,	1),
(1208,	12,	2,	'2024-11-26',	NULL,	1),
(1209,	12,	2,	'2024-11-26',	NULL,	1),
(1210,	12,	2,	'2024-11-26',	NULL,	1),
(1211,	12,	2,	'2024-11-26',	NULL,	1),
(1212,	12,	2,	'2024-11-26',	NULL,	1),
(1213,	12,	2,	'2024-11-26',	NULL,	1),
(1214,	12,	2,	'2024-11-26',	NULL,	1),
(1215,	12,	2,	'2024-11-26',	NULL,	1),
(1216,	12,	2,	'2024-11-26',	NULL,	1),
(1217,	12,	2,	'2024-11-26',	NULL,	1),
(1218,	12,	2,	'2024-11-26',	NULL,	1),
(1219,	12,	2,	'2024-11-26',	NULL,	1),
(1220,	12,	2,	'2024-11-26',	NULL,	1),
(1221,	12,	2,	'2024-11-26',	NULL,	1),
(1222,	12,	2,	'2024-11-26',	NULL,	1),
(1223,	12,	2,	'2024-11-26',	NULL,	1),
(1224,	12,	2,	'2024-11-26',	NULL,	1),
(1225,	12,	2,	'2024-11-26',	NULL,	1),
(1226,	12,	2,	'2024-11-26',	NULL,	1),
(1227,	12,	2,	'2024-11-26',	NULL,	1),
(1228,	12,	2,	'2024-11-26',	NULL,	1),
(1229,	12,	2,	'2024-11-26',	NULL,	1),
(1230,	12,	2,	'2024-11-26',	NULL,	1),
(1231,	12,	2,	'2024-11-26',	NULL,	1),
(1232,	12,	2,	'2024-11-26',	NULL,	1),
(1233,	12,	2,	'2024-11-26',	NULL,	1),
(1234,	12,	2,	'2024-11-26',	NULL,	1),
(1235,	12,	2,	'2024-11-26',	NULL,	1),
(1236,	12,	2,	'2024-11-26',	NULL,	1),
(1237,	12,	2,	'2024-11-26',	NULL,	1),
(1238,	12,	2,	'2024-11-26',	NULL,	1),
(1239,	12,	2,	'2024-11-26',	NULL,	1),
(1240,	12,	2,	'2024-11-26',	NULL,	1),
(1241,	12,	2,	'2024-11-26',	NULL,	1),
(1242,	12,	2,	'2024-11-26',	NULL,	1),
(1243,	12,	2,	'2024-11-26',	NULL,	1),
(1244,	12,	2,	'2024-11-26',	NULL,	1),
(1245,	12,	2,	'2024-11-26',	NULL,	1),
(1246,	12,	2,	'2024-11-26',	NULL,	1),
(1247,	12,	2,	'2024-11-26',	NULL,	1),
(1248,	12,	2,	'2024-11-26',	NULL,	1),
(1249,	12,	2,	'2024-11-26',	NULL,	1),
(1250,	12,	2,	'2024-11-26',	NULL,	1),
(1251,	12,	2,	'2024-11-26',	NULL,	1),
(1252,	12,	2,	'2024-11-26',	NULL,	1),
(1253,	12,	2,	'2024-11-26',	NULL,	1),
(1254,	12,	2,	'2024-11-26',	NULL,	1),
(1255,	12,	2,	'2024-11-26',	NULL,	1),
(1256,	12,	2,	'2024-11-26',	NULL,	1),
(1257,	12,	2,	'2024-11-26',	NULL,	1),
(1258,	12,	2,	'2024-11-26',	NULL,	1),
(1259,	12,	2,	'2024-11-26',	NULL,	1),
(1260,	12,	2,	'2024-11-26',	NULL,	1),
(1261,	12,	2,	'2024-11-26',	NULL,	1),
(1262,	12,	2,	'2024-11-26',	NULL,	1),
(1263,	12,	2,	'2024-11-26',	NULL,	1),
(1264,	12,	2,	'2024-11-26',	NULL,	1),
(1265,	12,	2,	'2024-11-26',	NULL,	1),
(1266,	12,	2,	'2024-11-26',	NULL,	1),
(1267,	12,	2,	'2024-11-26',	NULL,	1),
(1268,	12,	2,	'2024-11-26',	NULL,	1),
(1269,	12,	2,	'2024-11-26',	NULL,	1),
(1270,	12,	2,	'2024-11-26',	NULL,	1),
(1271,	12,	2,	'2024-11-26',	NULL,	1),
(1272,	12,	2,	'2024-11-26',	NULL,	1),
(1273,	12,	2,	'2024-11-26',	NULL,	1),
(1274,	12,	2,	'2024-11-26',	NULL,	1),
(1275,	12,	2,	'2024-11-26',	NULL,	1),
(1276,	12,	2,	'2024-11-26',	NULL,	1),
(1277,	12,	2,	'2024-11-26',	NULL,	1),
(1278,	12,	2,	'2024-11-26',	NULL,	1),
(1279,	12,	2,	'2024-11-26',	NULL,	1),
(1280,	12,	2,	'2024-11-26',	NULL,	1),
(1281,	12,	2,	'2024-11-26',	NULL,	1),
(1282,	12,	2,	'2024-11-26',	NULL,	1),
(1283,	12,	2,	'2024-11-26',	NULL,	1),
(1284,	12,	2,	'2024-11-26',	NULL,	1),
(1285,	12,	2,	'2024-11-26',	NULL,	1),
(1286,	12,	2,	'2024-11-26',	NULL,	1),
(1287,	12,	2,	'2024-11-26',	NULL,	1),
(1288,	12,	2,	'2024-11-26',	NULL,	1),
(1289,	12,	2,	'2024-11-26',	NULL,	1),
(1290,	12,	2,	'2024-11-26',	NULL,	1),
(1291,	12,	2,	'2024-11-26',	NULL,	1),
(1292,	12,	2,	'2024-11-26',	NULL,	1),
(1293,	12,	2,	'2024-11-26',	NULL,	1),
(1294,	12,	2,	'2024-11-26',	NULL,	1),
(1295,	12,	2,	'2024-11-26',	NULL,	1),
(1296,	12,	2,	'2024-11-26',	NULL,	1),
(1297,	12,	2,	'2024-11-26',	NULL,	1),
(1298,	12,	2,	'2024-11-26',	NULL,	1),
(1299,	12,	2,	'2024-11-26',	NULL,	1),
(1300,	12,	2,	'2024-11-26',	NULL,	1),
(1301,	12,	2,	'2024-11-26',	NULL,	1),
(1302,	12,	2,	'2024-11-26',	NULL,	1),
(1303,	12,	2,	'2024-11-26',	NULL,	1),
(1304,	12,	2,	'2024-11-26',	NULL,	1),
(1305,	12,	2,	'2024-11-26',	NULL,	1),
(1306,	12,	2,	'2024-11-26',	NULL,	1),
(1307,	12,	2,	'2024-11-26',	NULL,	1),
(1308,	12,	2,	'2024-11-26',	NULL,	1),
(1309,	12,	2,	'2024-11-26',	NULL,	1),
(1310,	12,	2,	'2024-11-26',	NULL,	1),
(1311,	12,	2,	'2024-11-26',	NULL,	1),
(1312,	12,	2,	'2024-11-26',	NULL,	1),
(1313,	12,	2,	'2024-11-26',	NULL,	1),
(1314,	12,	2,	'2024-11-26',	NULL,	1),
(1315,	12,	2,	'2024-11-26',	NULL,	1),
(1316,	12,	2,	'2024-11-26',	NULL,	1),
(1317,	12,	2,	'2024-11-26',	NULL,	1),
(1318,	12,	2,	'2024-11-26',	NULL,	1),
(1319,	12,	2,	'2024-11-26',	NULL,	1),
(1320,	12,	2,	'2024-11-26',	NULL,	1),
(1321,	12,	2,	'2024-11-26',	NULL,	1),
(1322,	12,	2,	'2024-11-26',	NULL,	1),
(1323,	12,	2,	'2024-11-26',	NULL,	1),
(1324,	12,	2,	'2024-11-26',	NULL,	1),
(1325,	12,	2,	'2024-11-26',	NULL,	1),
(1326,	12,	2,	'2024-11-26',	NULL,	1),
(1327,	12,	2,	'2024-11-26',	NULL,	1),
(1328,	12,	2,	'2024-11-26',	NULL,	1),
(1329,	12,	2,	'2024-11-26',	NULL,	1),
(1330,	12,	2,	'2024-11-26',	NULL,	1),
(1331,	12,	2,	'2024-11-26',	NULL,	1),
(1332,	12,	2,	'2024-11-26',	NULL,	1),
(1333,	12,	2,	'2024-11-26',	NULL,	1),
(1334,	12,	2,	'2024-11-26',	NULL,	1),
(1335,	12,	2,	'2024-11-26',	NULL,	1),
(1336,	12,	2,	'2024-11-26',	NULL,	1),
(1337,	12,	2,	'2024-11-26',	NULL,	1),
(1338,	12,	2,	'2024-11-26',	NULL,	1),
(1339,	12,	2,	'2024-11-26',	NULL,	1),
(1340,	12,	2,	'2024-11-26',	NULL,	1),
(1341,	12,	2,	'2024-11-26',	NULL,	1),
(1342,	12,	2,	'2024-11-26',	NULL,	1),
(1343,	12,	2,	'2024-11-26',	NULL,	1),
(1344,	12,	2,	'2024-11-26',	NULL,	1),
(1345,	12,	2,	'2024-11-26',	NULL,	1),
(1346,	12,	2,	'2024-11-26',	NULL,	1),
(1347,	12,	2,	'2024-11-26',	NULL,	1),
(1348,	12,	2,	'2024-11-26',	NULL,	1),
(1349,	12,	2,	'2024-11-26',	NULL,	1),
(1350,	12,	2,	'2024-11-26',	NULL,	1),
(1351,	12,	2,	'2024-11-26',	NULL,	1),
(1352,	12,	2,	'2024-11-26',	NULL,	1),
(1353,	12,	2,	'2024-11-26',	NULL,	1),
(1354,	12,	2,	'2024-11-26',	NULL,	1),
(1355,	12,	2,	'2024-11-26',	NULL,	1),
(1356,	12,	2,	'2024-11-26',	NULL,	1),
(1357,	12,	2,	'2024-11-26',	NULL,	1),
(1358,	12,	2,	'2024-11-26',	NULL,	1),
(1359,	12,	2,	'2024-11-26',	NULL,	1),
(1360,	12,	2,	'2024-11-26',	NULL,	1),
(1361,	12,	2,	'2024-11-26',	NULL,	1),
(1362,	12,	2,	'2024-11-26',	NULL,	1),
(1363,	12,	2,	'2024-11-26',	NULL,	1),
(1364,	12,	2,	'2024-11-26',	NULL,	1),
(1365,	12,	2,	'2024-11-26',	NULL,	1),
(1366,	12,	2,	'2024-11-26',	NULL,	1),
(1367,	12,	2,	'2024-11-26',	NULL,	1),
(1368,	12,	2,	'2024-11-26',	NULL,	1),
(1369,	12,	2,	'2024-11-26',	NULL,	1),
(1370,	12,	2,	'2024-11-26',	NULL,	1),
(1371,	12,	2,	'2024-11-26',	NULL,	1),
(1372,	12,	2,	'2024-11-26',	NULL,	1),
(1373,	12,	2,	'2024-11-26',	NULL,	1),
(1374,	12,	2,	'2024-11-26',	NULL,	1),
(1375,	12,	2,	'2024-11-26',	NULL,	1),
(1376,	12,	2,	'2024-11-26',	NULL,	1),
(1377,	12,	2,	'2024-11-26',	NULL,	1),
(1378,	12,	2,	'2024-11-26',	NULL,	1),
(1379,	12,	2,	'2024-11-26',	NULL,	1),
(1380,	12,	2,	'2024-11-26',	NULL,	1),
(1381,	12,	2,	'2024-11-26',	NULL,	1),
(1382,	12,	2,	'2024-11-26',	NULL,	1),
(1383,	12,	2,	'2024-11-26',	NULL,	1),
(1384,	12,	2,	'2024-11-26',	NULL,	1),
(1385,	12,	2,	'2024-11-26',	NULL,	1),
(1386,	12,	2,	'2024-11-26',	NULL,	1),
(1387,	12,	2,	'2024-11-26',	NULL,	1),
(1388,	12,	2,	'2024-11-26',	NULL,	1),
(1389,	12,	2,	'2024-11-26',	NULL,	1),
(1390,	12,	2,	'2024-11-26',	NULL,	1),
(1391,	12,	2,	'2024-11-26',	NULL,	1),
(1392,	12,	2,	'2024-11-26',	NULL,	1),
(1393,	12,	2,	'2024-11-26',	NULL,	1),
(1394,	12,	2,	'2024-11-26',	NULL,	1),
(1395,	12,	2,	'2024-11-26',	NULL,	1),
(1396,	12,	2,	'2024-11-26',	NULL,	1),
(1397,	12,	2,	'2024-11-26',	NULL,	1),
(1398,	12,	2,	'2024-11-26',	NULL,	1),
(1399,	12,	2,	'2024-11-26',	NULL,	1),
(1400,	12,	2,	'2024-11-26',	NULL,	1),
(1401,	12,	2,	'2024-11-26',	NULL,	1),
(1402,	12,	2,	'2024-11-26',	NULL,	1),
(1403,	12,	2,	'2024-11-26',	NULL,	1),
(1404,	12,	2,	'2024-11-26',	NULL,	1),
(1405,	12,	2,	'2024-11-26',	NULL,	1),
(1406,	12,	2,	'2024-11-26',	NULL,	1),
(1407,	12,	2,	'2024-11-26',	NULL,	1),
(1408,	12,	2,	'2024-11-26',	NULL,	1),
(1409,	12,	2,	'2024-11-26',	NULL,	1),
(1410,	12,	2,	'2024-11-26',	NULL,	1),
(1411,	12,	2,	'2024-11-26',	NULL,	1),
(1412,	12,	2,	'2024-11-26',	NULL,	1),
(1413,	12,	2,	'2024-11-26',	NULL,	1),
(1414,	12,	2,	'2024-11-26',	NULL,	1),
(1415,	12,	2,	'2024-11-26',	NULL,	1),
(1416,	12,	2,	'2024-11-26',	NULL,	1),
(1417,	12,	2,	'2024-11-26',	NULL,	1),
(1418,	12,	2,	'2024-11-26',	NULL,	1),
(1419,	12,	2,	'2024-11-26',	NULL,	1),
(1420,	12,	2,	'2024-11-26',	NULL,	1),
(1421,	12,	2,	'2024-11-26',	NULL,	1),
(1422,	12,	2,	'2024-11-26',	NULL,	1),
(1423,	12,	2,	'2024-11-26',	NULL,	1),
(1424,	12,	2,	'2024-11-26',	NULL,	1),
(1425,	12,	2,	'2024-11-26',	NULL,	1),
(1426,	12,	2,	'2024-11-26',	NULL,	1),
(1427,	12,	2,	'2024-11-26',	NULL,	1),
(1428,	12,	2,	'2024-11-26',	NULL,	1),
(1429,	12,	2,	'2024-11-26',	NULL,	1),
(1430,	12,	2,	'2024-11-26',	NULL,	1),
(1431,	12,	2,	'2024-11-26',	NULL,	1),
(1432,	12,	2,	'2024-11-26',	NULL,	1),
(1433,	12,	2,	'2024-11-26',	NULL,	1),
(1434,	12,	2,	'2024-11-26',	NULL,	1),
(1435,	12,	2,	'2024-11-26',	NULL,	1),
(1436,	12,	2,	'2024-11-26',	NULL,	1),
(1437,	12,	2,	'2024-11-26',	NULL,	1),
(1438,	12,	2,	'2024-11-26',	NULL,	1),
(1439,	12,	2,	'2024-11-26',	NULL,	1),
(1440,	12,	2,	'2024-11-26',	NULL,	1),
(1441,	12,	2,	'2024-11-26',	NULL,	1),
(1442,	12,	2,	'2024-11-26',	NULL,	1),
(1443,	12,	2,	'2024-11-26',	NULL,	1),
(1444,	12,	2,	'2024-11-26',	NULL,	1),
(1445,	12,	2,	'2024-11-26',	NULL,	1),
(1446,	12,	2,	'2024-11-26',	NULL,	1),
(1447,	12,	2,	'2024-11-26',	NULL,	1),
(1448,	12,	2,	'2024-11-26',	NULL,	1),
(1449,	12,	2,	'2024-11-26',	NULL,	1),
(1450,	12,	2,	'2024-11-26',	NULL,	1),
(1451,	12,	2,	'2024-11-26',	NULL,	1),
(1452,	12,	2,	'2024-11-26',	NULL,	1),
(1453,	12,	2,	'2024-11-26',	NULL,	1),
(1454,	12,	2,	'2024-11-26',	NULL,	1),
(1455,	12,	2,	'2024-11-26',	NULL,	1),
(1456,	12,	2,	'2024-11-26',	NULL,	1),
(1457,	12,	2,	'2024-11-26',	NULL,	1),
(1458,	12,	2,	'2024-11-26',	NULL,	1),
(1459,	12,	2,	'2024-11-26',	NULL,	1),
(1460,	12,	2,	'2024-11-26',	NULL,	1),
(1461,	12,	2,	'2024-11-26',	NULL,	1),
(1462,	12,	2,	'2024-11-26',	NULL,	1),
(1463,	12,	2,	'2024-11-26',	NULL,	1),
(1464,	12,	2,	'2024-11-26',	NULL,	1),
(1465,	12,	2,	'2024-11-26',	NULL,	1),
(1466,	12,	2,	'2024-11-26',	NULL,	1),
(1467,	12,	2,	'2024-11-26',	NULL,	1),
(1468,	12,	2,	'2024-11-26',	NULL,	1),
(1469,	12,	2,	'2024-11-26',	NULL,	1),
(1470,	12,	2,	'2024-11-26',	NULL,	1),
(1471,	12,	2,	'2024-11-26',	NULL,	1),
(1472,	12,	2,	'2024-11-26',	NULL,	1),
(1473,	12,	2,	'2024-11-26',	NULL,	1),
(1474,	12,	2,	'2024-11-26',	NULL,	1),
(1475,	12,	2,	'2024-11-26',	NULL,	1),
(1476,	12,	2,	'2024-11-26',	NULL,	1),
(1477,	12,	2,	'2024-11-26',	NULL,	1),
(1478,	12,	2,	'2024-11-26',	NULL,	1),
(1479,	12,	2,	'2024-11-26',	NULL,	1),
(1480,	12,	2,	'2024-11-26',	NULL,	1),
(1481,	12,	2,	'2024-11-26',	NULL,	1),
(1482,	12,	2,	'2024-11-26',	NULL,	1),
(1483,	12,	2,	'2024-11-26',	NULL,	1),
(1484,	12,	2,	'2024-11-26',	NULL,	1),
(1485,	12,	2,	'2024-11-26',	NULL,	1),
(1486,	12,	2,	'2024-11-26',	NULL,	1),
(1487,	12,	2,	'2024-11-26',	NULL,	1),
(1488,	12,	2,	'2024-11-26',	NULL,	1),
(1489,	12,	2,	'2024-11-26',	NULL,	1),
(1490,	12,	2,	'2024-11-26',	NULL,	1),
(1491,	12,	2,	'2024-11-26',	NULL,	1),
(1492,	12,	2,	'2024-11-26',	NULL,	1),
(1493,	12,	2,	'2024-11-26',	NULL,	1),
(1494,	12,	2,	'2024-11-26',	NULL,	1),
(1495,	12,	2,	'2024-11-26',	NULL,	1),
(1496,	12,	2,	'2024-11-26',	NULL,	1),
(1497,	12,	2,	'2024-11-26',	NULL,	1),
(1498,	12,	2,	'2024-11-26',	NULL,	1),
(1499,	12,	2,	'2024-11-26',	NULL,	1),
(1500,	12,	2,	'2024-11-26',	NULL,	1),
(1501,	12,	2,	'2024-11-26',	NULL,	1),
(1502,	12,	2,	'2024-11-26',	NULL,	1),
(1503,	12,	2,	'2024-11-26',	NULL,	1),
(1504,	12,	2,	'2024-11-26',	NULL,	1),
(1505,	12,	2,	'2024-11-26',	NULL,	1),
(1506,	12,	2,	'2024-11-26',	NULL,	1),
(1507,	12,	2,	'2024-11-26',	NULL,	1),
(1508,	12,	2,	'2024-11-26',	NULL,	1),
(1509,	12,	2,	'2024-11-26',	NULL,	1),
(1510,	12,	2,	'2024-11-26',	NULL,	1),
(1511,	12,	2,	'2024-11-26',	NULL,	1),
(1512,	12,	2,	'2024-11-26',	NULL,	1),
(1513,	12,	2,	'2024-11-26',	NULL,	1),
(1514,	12,	2,	'2024-11-26',	NULL,	1),
(1515,	12,	2,	'2024-11-26',	NULL,	1),
(1516,	12,	2,	'2024-11-26',	NULL,	1),
(1517,	12,	2,	'2024-11-26',	NULL,	1),
(1518,	12,	2,	'2024-11-26',	NULL,	1),
(1519,	12,	2,	'2024-11-26',	NULL,	1),
(1520,	12,	2,	'2024-11-26',	NULL,	1),
(1521,	12,	2,	'2024-11-26',	NULL,	1),
(1522,	12,	2,	'2024-11-26',	NULL,	1),
(1523,	12,	2,	'2024-11-26',	NULL,	1),
(1524,	12,	2,	'2024-11-26',	NULL,	1),
(1525,	12,	2,	'2024-11-26',	NULL,	1),
(1526,	12,	2,	'2024-11-26',	NULL,	1),
(1527,	12,	2,	'2024-11-26',	NULL,	1),
(1528,	12,	2,	'2024-11-26',	NULL,	1),
(1529,	12,	2,	'2024-11-26',	NULL,	1),
(1530,	12,	2,	'2024-11-26',	NULL,	1),
(1531,	12,	2,	'2024-11-26',	NULL,	1),
(1532,	12,	2,	'2024-11-26',	NULL,	1),
(1533,	12,	2,	'2024-11-26',	NULL,	1),
(1534,	12,	2,	'2024-11-26',	NULL,	1),
(1535,	12,	2,	'2024-11-26',	NULL,	1),
(1536,	12,	2,	'2024-11-26',	NULL,	1),
(1537,	12,	2,	'2024-11-26',	NULL,	1),
(1538,	12,	2,	'2024-11-26',	NULL,	1),
(1539,	12,	2,	'2024-11-26',	NULL,	1),
(1540,	12,	2,	'2024-11-26',	NULL,	1),
(1541,	12,	2,	'2024-11-26',	NULL,	1),
(1542,	12,	2,	'2024-11-26',	NULL,	1),
(1543,	12,	2,	'2024-11-26',	NULL,	1),
(1544,	12,	2,	'2024-11-26',	NULL,	1),
(1545,	12,	2,	'2024-11-26',	NULL,	1),
(1546,	12,	2,	'2024-11-26',	NULL,	1),
(1547,	12,	2,	'2024-11-26',	NULL,	1),
(1548,	12,	2,	'2024-11-26',	NULL,	1),
(1549,	12,	2,	'2024-11-26',	NULL,	1),
(1550,	12,	2,	'2024-11-26',	NULL,	1),
(1551,	12,	2,	'2024-11-26',	NULL,	1),
(1552,	12,	2,	'2024-11-26',	NULL,	1),
(1553,	12,	2,	'2024-11-26',	NULL,	1),
(1554,	12,	2,	'2024-11-26',	NULL,	1),
(1555,	12,	2,	'2024-11-26',	NULL,	1),
(1556,	12,	2,	'2024-11-26',	NULL,	1),
(1557,	12,	2,	'2024-11-26',	NULL,	1),
(1558,	12,	2,	'2024-11-26',	NULL,	1),
(1559,	12,	2,	'2024-11-26',	NULL,	1),
(1560,	12,	2,	'2024-11-26',	NULL,	1),
(1561,	12,	2,	'2024-11-26',	NULL,	1),
(1562,	12,	2,	'2024-11-26',	NULL,	1),
(1563,	12,	2,	'2024-11-26',	NULL,	1),
(1564,	12,	2,	'2024-11-26',	NULL,	1),
(1565,	12,	2,	'2024-11-26',	NULL,	1),
(1566,	12,	2,	'2024-11-26',	NULL,	1),
(1567,	12,	2,	'2024-11-26',	NULL,	1),
(1568,	12,	2,	'2024-11-26',	NULL,	1),
(1569,	12,	2,	'2024-11-26',	NULL,	1),
(1570,	12,	2,	'2024-11-26',	NULL,	1),
(1571,	12,	2,	'2024-11-26',	NULL,	1),
(1572,	12,	2,	'2024-11-26',	NULL,	1),
(1573,	12,	2,	'2024-11-26',	NULL,	1),
(1574,	12,	2,	'2024-11-26',	NULL,	1),
(1575,	12,	2,	'2024-11-26',	NULL,	1),
(1576,	12,	2,	'2024-11-26',	NULL,	1),
(1577,	12,	2,	'2024-11-26',	NULL,	1),
(1578,	12,	2,	'2024-11-26',	NULL,	1),
(1579,	12,	2,	'2024-11-26',	NULL,	1),
(1580,	12,	2,	'2024-11-26',	NULL,	1),
(1581,	12,	2,	'2024-11-26',	NULL,	1),
(1582,	12,	2,	'2024-11-26',	NULL,	1),
(1583,	12,	2,	'2024-11-26',	NULL,	1),
(1584,	12,	2,	'2024-11-26',	NULL,	1),
(1585,	12,	2,	'2024-11-26',	NULL,	1),
(1586,	12,	2,	'2024-11-26',	NULL,	1),
(1587,	12,	2,	'2024-11-26',	NULL,	1),
(1588,	12,	2,	'2024-11-26',	NULL,	1),
(1589,	12,	2,	'2024-11-26',	NULL,	1),
(1590,	12,	2,	'2024-11-26',	NULL,	1),
(1591,	12,	2,	'2024-11-26',	NULL,	1),
(1592,	12,	2,	'2024-11-26',	NULL,	1),
(1593,	12,	2,	'2024-11-26',	NULL,	1),
(1594,	12,	2,	'2024-11-26',	NULL,	1),
(1595,	12,	2,	'2024-11-26',	NULL,	1),
(1596,	12,	2,	'2024-11-26',	NULL,	1),
(1597,	12,	2,	'2024-11-26',	NULL,	1),
(1598,	12,	2,	'2024-11-26',	NULL,	1),
(1599,	12,	2,	'2024-11-26',	NULL,	1),
(1600,	12,	2,	'2024-11-26',	NULL,	1),
(1601,	12,	2,	'2024-11-26',	NULL,	1),
(1602,	12,	2,	'2024-11-26',	NULL,	1),
(1603,	12,	2,	'2024-11-26',	NULL,	1),
(1604,	12,	2,	'2024-11-26',	NULL,	1),
(1605,	12,	2,	'2024-11-26',	NULL,	1),
(1606,	12,	2,	'2024-11-26',	NULL,	1),
(1607,	12,	2,	'2024-11-26',	NULL,	1),
(1608,	12,	2,	'2024-11-26',	NULL,	1),
(1609,	12,	2,	'2024-11-26',	NULL,	1),
(1610,	12,	2,	'2024-11-26',	NULL,	1),
(1611,	12,	2,	'2024-11-26',	NULL,	1),
(1612,	12,	2,	'2024-11-26',	NULL,	1),
(1613,	12,	2,	'2024-11-26',	NULL,	1),
(1614,	12,	2,	'2024-11-26',	NULL,	1),
(1615,	12,	2,	'2024-11-26',	NULL,	1),
(1616,	12,	2,	'2024-11-26',	NULL,	1),
(1617,	12,	2,	'2024-11-26',	NULL,	1),
(1618,	12,	2,	'2024-11-26',	NULL,	1),
(1619,	12,	2,	'2024-11-26',	NULL,	1),
(1620,	12,	2,	'2024-11-26',	NULL,	1),
(1621,	12,	2,	'2024-11-26',	NULL,	1),
(1622,	12,	2,	'2024-11-26',	NULL,	1),
(1623,	12,	2,	'2024-11-26',	NULL,	1),
(1624,	12,	2,	'2024-11-26',	NULL,	1),
(1625,	12,	2,	'2024-11-26',	NULL,	1),
(1626,	12,	2,	'2024-11-26',	NULL,	1),
(1627,	12,	2,	'2024-11-26',	NULL,	1),
(1628,	12,	2,	'2024-11-26',	NULL,	1),
(1629,	12,	2,	'2024-11-26',	NULL,	1),
(1630,	12,	2,	'2024-11-26',	NULL,	1),
(1631,	12,	2,	'2024-11-26',	NULL,	1),
(1632,	12,	2,	'2024-11-26',	NULL,	1),
(1633,	12,	2,	'2024-11-26',	NULL,	1),
(1634,	12,	2,	'2024-11-26',	NULL,	1),
(1635,	12,	2,	'2024-11-26',	NULL,	1),
(1636,	12,	2,	'2024-11-26',	NULL,	1),
(1637,	12,	2,	'2024-11-26',	NULL,	1),
(1638,	12,	2,	'2024-11-26',	NULL,	1),
(1639,	12,	2,	'2024-11-26',	NULL,	1),
(1640,	12,	2,	'2024-11-26',	NULL,	1),
(1641,	12,	2,	'2024-11-26',	NULL,	1),
(1642,	12,	2,	'2024-11-26',	NULL,	1),
(1643,	12,	2,	'2024-11-26',	NULL,	1),
(1644,	12,	2,	'2024-11-26',	NULL,	1),
(1645,	12,	2,	'2024-11-26',	NULL,	1),
(1646,	12,	2,	'2024-11-26',	NULL,	1),
(1647,	12,	2,	'2024-11-26',	NULL,	1),
(1648,	12,	2,	'2024-11-26',	NULL,	1),
(1649,	12,	2,	'2024-11-26',	NULL,	1),
(1650,	12,	2,	'2024-11-26',	NULL,	1),
(1651,	12,	2,	'2024-11-26',	NULL,	1),
(1652,	12,	2,	'2024-11-26',	NULL,	1),
(1653,	12,	2,	'2024-11-26',	NULL,	1),
(1654,	12,	2,	'2024-11-26',	NULL,	1),
(1655,	12,	2,	'2024-11-26',	NULL,	1),
(1656,	12,	2,	'2024-11-26',	NULL,	1),
(1657,	12,	2,	'2024-11-26',	NULL,	1),
(1658,	12,	2,	'2024-11-26',	NULL,	1),
(1659,	12,	2,	'2024-11-26',	NULL,	1),
(1660,	12,	2,	'2024-11-26',	NULL,	1),
(1661,	12,	2,	'2024-11-26',	NULL,	1),
(1662,	12,	2,	'2024-11-26',	NULL,	1),
(1663,	12,	2,	'2024-11-26',	NULL,	1),
(1664,	12,	2,	'2024-11-26',	NULL,	1),
(1665,	12,	2,	'2024-11-26',	NULL,	1),
(1666,	12,	2,	'2024-11-26',	NULL,	1),
(1667,	12,	2,	'2024-11-26',	NULL,	1),
(1668,	12,	2,	'2024-11-26',	NULL,	1),
(1669,	12,	2,	'2024-11-26',	NULL,	1),
(1670,	12,	2,	'2024-11-26',	NULL,	1),
(1671,	12,	2,	'2024-11-26',	NULL,	1),
(1672,	12,	2,	'2024-11-26',	NULL,	1),
(1673,	12,	2,	'2024-11-26',	NULL,	1),
(1674,	12,	2,	'2024-11-26',	NULL,	1),
(1675,	12,	2,	'2024-11-26',	NULL,	1),
(1676,	12,	2,	'2024-11-26',	NULL,	1),
(1677,	12,	2,	'2024-11-26',	NULL,	1),
(1678,	12,	2,	'2024-11-26',	NULL,	1),
(1679,	12,	2,	'2024-11-26',	NULL,	1),
(1680,	12,	2,	'2024-11-26',	NULL,	1),
(1681,	12,	2,	'2024-11-26',	NULL,	1),
(1682,	12,	2,	'2024-11-26',	NULL,	1),
(1683,	12,	2,	'2024-11-26',	NULL,	1),
(1684,	12,	2,	'2024-11-26',	NULL,	1),
(1685,	12,	2,	'2024-11-26',	NULL,	1),
(1686,	12,	2,	'2024-11-26',	NULL,	1),
(1687,	12,	2,	'2024-11-26',	NULL,	1),
(1688,	12,	2,	'2024-11-26',	NULL,	1),
(1689,	12,	2,	'2024-11-26',	NULL,	1),
(1690,	12,	2,	'2024-11-26',	NULL,	1),
(1691,	12,	2,	'2024-11-26',	NULL,	1),
(1692,	12,	2,	'2024-11-26',	NULL,	1),
(1693,	12,	2,	'2024-11-26',	NULL,	1),
(1694,	12,	2,	'2024-11-26',	NULL,	1),
(1695,	12,	2,	'2024-11-26',	NULL,	1),
(1696,	12,	2,	'2024-11-26',	NULL,	1),
(1697,	12,	2,	'2024-11-26',	NULL,	1),
(1698,	12,	2,	'2024-11-26',	NULL,	1),
(1699,	12,	2,	'2024-11-26',	NULL,	1),
(1700,	12,	2,	'2024-11-26',	NULL,	1),
(1701,	12,	2,	'2024-11-26',	NULL,	1),
(1702,	12,	2,	'2024-11-26',	NULL,	1),
(1703,	12,	2,	'2024-11-26',	NULL,	1),
(1704,	12,	2,	'2024-11-26',	NULL,	1),
(1705,	12,	2,	'2024-11-26',	NULL,	1),
(1706,	12,	2,	'2024-11-26',	NULL,	1),
(1707,	12,	2,	'2024-11-26',	NULL,	1),
(1708,	12,	2,	'2024-11-26',	NULL,	1),
(1709,	12,	2,	'2024-11-26',	NULL,	1),
(1710,	12,	2,	'2024-11-26',	NULL,	1),
(1711,	12,	2,	'2024-11-26',	NULL,	1),
(1712,	12,	2,	'2024-11-26',	NULL,	1),
(1713,	12,	2,	'2024-11-26',	NULL,	1),
(1714,	12,	2,	'2024-11-26',	NULL,	1),
(1715,	12,	2,	'2024-11-26',	NULL,	1),
(1716,	12,	2,	'2024-11-26',	NULL,	1),
(1717,	12,	2,	'2024-11-26',	NULL,	1),
(1718,	12,	2,	'2024-11-26',	NULL,	1),
(1719,	12,	2,	'2024-11-26',	NULL,	1),
(1720,	12,	2,	'2024-11-26',	NULL,	1),
(1721,	12,	2,	'2024-11-26',	NULL,	1),
(1722,	12,	2,	'2024-11-26',	NULL,	1),
(1723,	12,	2,	'2024-11-26',	NULL,	1),
(1724,	12,	2,	'2024-11-26',	NULL,	1),
(1725,	12,	2,	'2024-11-26',	NULL,	1),
(1726,	12,	2,	'2024-11-26',	NULL,	1),
(1727,	12,	2,	'2024-11-26',	NULL,	1),
(1728,	12,	2,	'2024-11-26',	NULL,	1),
(1729,	12,	2,	'2024-11-26',	NULL,	1),
(1730,	12,	2,	'2024-11-26',	NULL,	1),
(1731,	12,	2,	'2024-11-26',	NULL,	1),
(1732,	12,	2,	'2024-11-26',	NULL,	1),
(1733,	12,	2,	'2024-11-26',	NULL,	1),
(1734,	12,	2,	'2024-11-26',	NULL,	1),
(1735,	12,	2,	'2024-11-26',	NULL,	1),
(1736,	12,	2,	'2024-11-26',	NULL,	1),
(1737,	12,	2,	'2024-11-26',	NULL,	1),
(1738,	12,	2,	'2024-11-26',	NULL,	1),
(1739,	12,	2,	'2024-11-26',	NULL,	1),
(1740,	12,	2,	'2024-11-26',	NULL,	1),
(1741,	12,	2,	'2024-11-26',	NULL,	1),
(1742,	12,	2,	'2024-11-26',	NULL,	1),
(1743,	12,	2,	'2024-11-26',	NULL,	1),
(1744,	12,	2,	'2024-11-26',	NULL,	1),
(1745,	12,	2,	'2024-11-26',	NULL,	1),
(1746,	12,	2,	'2024-11-26',	NULL,	1),
(1747,	12,	2,	'2024-11-26',	NULL,	1),
(1748,	12,	2,	'2024-11-26',	NULL,	1),
(1749,	12,	2,	'2024-11-26',	NULL,	1),
(1750,	12,	2,	'2024-11-26',	NULL,	1),
(1751,	12,	2,	'2024-11-26',	NULL,	1),
(1752,	12,	2,	'2024-11-26',	NULL,	1),
(1753,	12,	2,	'2024-11-26',	NULL,	1),
(1754,	12,	2,	'2024-11-26',	NULL,	1),
(1755,	12,	2,	'2024-11-26',	NULL,	1),
(1756,	12,	2,	'2024-11-26',	NULL,	1),
(1757,	12,	2,	'2024-11-26',	NULL,	1),
(1758,	12,	2,	'2024-11-26',	NULL,	1),
(1759,	12,	2,	'2024-11-26',	NULL,	1),
(1760,	12,	2,	'2024-11-26',	NULL,	1),
(1761,	12,	2,	'2024-11-26',	NULL,	1),
(1762,	12,	2,	'2024-11-26',	NULL,	1),
(1763,	12,	2,	'2024-11-26',	NULL,	1),
(1764,	12,	2,	'2024-11-26',	NULL,	1),
(1765,	12,	2,	'2024-11-26',	NULL,	1),
(1766,	12,	2,	'2024-11-26',	NULL,	1),
(1767,	12,	2,	'2024-11-26',	NULL,	1),
(1768,	12,	2,	'2024-11-26',	NULL,	1),
(1769,	12,	2,	'2024-11-26',	NULL,	1),
(1770,	12,	2,	'2024-11-26',	NULL,	1),
(1771,	12,	2,	'2024-11-26',	NULL,	1),
(1772,	12,	2,	'2024-11-26',	NULL,	1),
(1773,	12,	2,	'2024-11-26',	NULL,	1),
(1774,	12,	2,	'2024-11-26',	NULL,	1),
(1775,	12,	2,	'2024-11-26',	NULL,	1),
(1776,	12,	2,	'2024-11-26',	NULL,	1),
(1777,	12,	2,	'2024-11-26',	NULL,	1),
(1778,	12,	2,	'2024-11-26',	NULL,	1),
(1779,	12,	2,	'2024-11-26',	NULL,	1),
(1780,	12,	2,	'2024-11-26',	NULL,	1),
(1781,	12,	2,	'2024-11-26',	NULL,	1),
(1782,	12,	2,	'2024-11-26',	NULL,	1),
(1783,	12,	2,	'2024-11-26',	NULL,	1),
(1784,	12,	2,	'2024-11-26',	NULL,	1),
(1785,	12,	2,	'2024-11-26',	NULL,	1),
(1786,	12,	2,	'2024-11-26',	NULL,	1),
(1787,	12,	2,	'2024-11-26',	NULL,	1),
(1788,	12,	2,	'2024-11-26',	NULL,	1),
(1789,	12,	2,	'2024-11-26',	NULL,	1),
(1790,	12,	2,	'2024-11-26',	NULL,	1),
(1791,	12,	2,	'2024-11-26',	NULL,	1),
(1792,	12,	2,	'2024-11-26',	NULL,	1),
(1793,	12,	2,	'2024-11-26',	NULL,	1),
(1794,	12,	2,	'2024-11-26',	NULL,	1),
(1795,	12,	2,	'2024-11-26',	NULL,	1),
(1796,	12,	2,	'2024-11-26',	NULL,	1),
(1797,	12,	2,	'2024-11-26',	NULL,	1),
(1798,	12,	2,	'2024-11-26',	NULL,	1),
(1799,	12,	2,	'2024-11-26',	NULL,	1),
(1800,	12,	2,	'2024-11-26',	NULL,	1),
(1801,	12,	2,	'2024-11-26',	NULL,	1),
(1802,	12,	2,	'2024-11-26',	NULL,	1),
(1803,	12,	2,	'2024-11-26',	NULL,	1),
(1804,	12,	2,	'2024-11-26',	NULL,	1),
(1805,	12,	2,	'2024-11-26',	NULL,	1),
(1806,	12,	2,	'2024-11-26',	NULL,	1),
(1807,	12,	2,	'2024-11-26',	NULL,	1),
(1808,	12,	2,	'2024-11-26',	NULL,	1),
(1809,	12,	2,	'2024-11-26',	NULL,	1),
(1810,	12,	2,	'2024-11-26',	NULL,	1),
(1811,	12,	2,	'2024-11-26',	NULL,	1),
(1812,	12,	2,	'2024-11-26',	NULL,	1),
(1813,	12,	2,	'2024-11-26',	NULL,	1),
(1814,	12,	2,	'2024-11-26',	NULL,	1),
(1815,	12,	2,	'2024-11-26',	NULL,	1),
(1816,	12,	2,	'2024-11-26',	NULL,	1),
(1817,	12,	2,	'2024-11-26',	NULL,	1),
(1818,	12,	2,	'2024-11-26',	NULL,	1),
(1819,	12,	2,	'2024-11-26',	NULL,	1),
(1820,	12,	2,	'2024-11-26',	NULL,	1),
(1821,	12,	2,	'2024-11-26',	NULL,	1),
(1822,	12,	2,	'2024-11-26',	NULL,	1),
(1823,	12,	2,	'2024-11-26',	NULL,	1),
(1824,	12,	2,	'2024-11-26',	NULL,	1),
(1825,	12,	2,	'2024-11-26',	NULL,	1),
(1826,	12,	2,	'2024-11-26',	NULL,	1),
(1827,	12,	2,	'2024-11-26',	NULL,	1),
(1828,	12,	2,	'2024-11-26',	NULL,	1),
(1829,	12,	2,	'2024-11-26',	NULL,	1),
(1830,	12,	2,	'2024-11-26',	NULL,	1),
(1831,	12,	2,	'2024-11-26',	NULL,	1),
(1832,	12,	2,	'2024-11-26',	NULL,	1),
(1833,	12,	2,	'2024-11-26',	NULL,	1),
(1834,	12,	2,	'2024-11-26',	NULL,	1),
(1835,	12,	2,	'2024-11-26',	NULL,	1),
(1836,	12,	2,	'2024-11-26',	NULL,	1),
(1837,	12,	2,	'2024-11-26',	NULL,	1),
(1838,	12,	2,	'2024-11-26',	NULL,	1),
(1839,	12,	2,	'2024-11-26',	NULL,	1),
(1840,	12,	2,	'2024-11-26',	NULL,	1),
(1841,	12,	2,	'2024-11-26',	NULL,	1),
(1842,	12,	2,	'2024-11-26',	NULL,	1),
(1843,	12,	2,	'2024-11-26',	NULL,	1),
(1844,	12,	2,	'2024-11-26',	NULL,	1),
(1845,	12,	2,	'2024-11-26',	NULL,	1),
(1846,	12,	2,	'2024-11-26',	NULL,	1),
(1847,	12,	2,	'2024-11-26',	NULL,	1),
(1848,	12,	2,	'2024-11-26',	NULL,	1),
(1849,	12,	2,	'2024-11-26',	NULL,	1),
(1850,	12,	2,	'2024-11-26',	NULL,	1),
(1851,	12,	2,	'2024-11-26',	NULL,	1),
(1852,	12,	2,	'2024-11-26',	NULL,	1),
(1853,	12,	2,	'2024-11-26',	NULL,	1),
(1854,	12,	2,	'2024-11-26',	NULL,	1),
(1855,	12,	2,	'2024-11-26',	NULL,	1),
(1856,	12,	2,	'2024-11-26',	NULL,	1),
(1857,	12,	2,	'2024-11-26',	NULL,	1),
(1858,	12,	2,	'2024-11-26',	NULL,	1),
(1859,	12,	2,	'2024-11-26',	NULL,	1),
(1860,	12,	2,	'2024-11-26',	NULL,	1),
(1861,	12,	2,	'2024-11-26',	NULL,	1),
(1862,	12,	2,	'2024-11-26',	NULL,	1),
(1863,	12,	2,	'2024-11-26',	NULL,	1),
(1864,	12,	2,	'2024-11-26',	NULL,	1),
(1865,	12,	2,	'2024-11-26',	NULL,	1),
(1866,	12,	2,	'2024-11-26',	NULL,	1),
(1867,	12,	2,	'2024-11-26',	NULL,	1),
(1868,	12,	2,	'2024-11-26',	NULL,	1),
(1869,	12,	2,	'2024-11-26',	NULL,	1),
(1870,	12,	2,	'2024-11-26',	NULL,	1),
(1871,	12,	2,	'2024-11-26',	NULL,	1),
(1872,	12,	2,	'2024-11-26',	NULL,	1),
(1873,	12,	2,	'2024-11-26',	NULL,	1),
(1874,	12,	2,	'2024-11-26',	NULL,	1),
(1875,	12,	2,	'2024-11-26',	NULL,	1),
(1876,	12,	2,	'2024-11-26',	NULL,	1),
(1877,	12,	2,	'2024-11-26',	NULL,	1),
(1878,	12,	2,	'2024-11-26',	NULL,	1),
(1879,	12,	2,	'2024-11-26',	NULL,	1),
(1880,	12,	2,	'2024-11-26',	NULL,	1),
(1881,	12,	2,	'2024-11-26',	NULL,	1),
(1882,	12,	2,	'2024-11-26',	NULL,	1),
(1883,	12,	2,	'2024-11-26',	NULL,	1),
(1884,	12,	2,	'2024-11-26',	NULL,	1),
(1885,	12,	2,	'2024-11-26',	NULL,	1),
(1886,	12,	2,	'2024-11-26',	NULL,	1),
(1887,	12,	2,	'2024-11-26',	NULL,	1),
(1888,	12,	2,	'2024-11-26',	NULL,	1),
(1889,	12,	2,	'2024-11-26',	NULL,	1),
(1890,	12,	2,	'2024-11-26',	NULL,	1),
(1891,	12,	2,	'2024-11-26',	NULL,	1),
(1892,	12,	2,	'2024-11-26',	NULL,	1),
(1893,	12,	2,	'2024-11-26',	NULL,	1),
(1894,	12,	2,	'2024-11-26',	NULL,	1),
(1895,	12,	2,	'2024-11-26',	NULL,	1),
(1896,	12,	2,	'2024-11-26',	NULL,	1),
(1897,	12,	2,	'2024-11-26',	NULL,	1),
(1898,	12,	2,	'2024-11-26',	NULL,	1),
(1899,	12,	2,	'2024-11-26',	NULL,	1),
(1900,	12,	2,	'2024-11-26',	NULL,	1),
(1901,	12,	2,	'2024-11-26',	NULL,	1),
(1902,	12,	2,	'2024-11-26',	NULL,	1),
(1903,	12,	2,	'2024-11-26',	NULL,	1),
(1904,	12,	2,	'2024-11-26',	NULL,	1),
(1905,	12,	2,	'2024-11-26',	NULL,	1),
(1906,	12,	2,	'2024-11-26',	NULL,	1),
(1907,	12,	2,	'2024-11-26',	NULL,	1),
(1908,	12,	2,	'2024-11-26',	NULL,	1),
(1909,	12,	2,	'2024-11-26',	NULL,	1),
(1910,	12,	2,	'2024-11-26',	NULL,	1),
(1911,	12,	2,	'2024-11-26',	NULL,	1),
(1912,	12,	2,	'2024-11-26',	NULL,	1),
(1913,	12,	2,	'2024-11-26',	NULL,	1),
(1914,	12,	2,	'2024-11-26',	NULL,	1),
(1915,	12,	2,	'2024-11-26',	NULL,	1),
(1916,	12,	2,	'2024-11-26',	NULL,	1),
(1917,	12,	2,	'2024-11-26',	NULL,	1),
(1918,	12,	2,	'2024-11-26',	NULL,	1),
(1919,	12,	2,	'2024-11-26',	NULL,	1),
(1920,	12,	2,	'2024-11-26',	NULL,	1),
(1921,	12,	2,	'2024-11-26',	NULL,	1),
(1922,	12,	2,	'2024-11-26',	NULL,	1),
(1923,	12,	2,	'2024-11-26',	NULL,	1),
(1924,	12,	2,	'2024-11-26',	NULL,	1),
(1925,	12,	2,	'2024-11-26',	NULL,	1),
(1926,	12,	2,	'2024-11-26',	NULL,	1),
(1927,	12,	2,	'2024-11-26',	NULL,	1),
(1928,	12,	2,	'2024-11-26',	NULL,	1),
(1929,	12,	2,	'2024-11-26',	NULL,	1),
(1930,	12,	2,	'2024-11-26',	NULL,	1),
(1931,	12,	2,	'2024-11-26',	NULL,	1),
(1932,	12,	2,	'2024-11-26',	NULL,	1),
(1933,	12,	2,	'2024-11-26',	NULL,	1),
(1934,	12,	2,	'2024-11-26',	NULL,	1),
(1935,	12,	2,	'2024-11-26',	NULL,	1),
(1936,	12,	2,	'2024-11-26',	NULL,	1),
(1937,	12,	2,	'2024-11-26',	NULL,	1),
(1938,	12,	2,	'2024-11-26',	NULL,	1),
(1939,	12,	2,	'2024-11-26',	NULL,	1),
(1940,	12,	2,	'2024-11-26',	NULL,	1),
(1941,	12,	2,	'2024-11-26',	NULL,	1),
(1942,	12,	2,	'2024-11-26',	NULL,	1),
(1943,	12,	2,	'2024-11-26',	NULL,	1),
(1944,	12,	2,	'2024-11-26',	NULL,	1),
(1945,	12,	2,	'2024-11-26',	NULL,	1),
(1946,	12,	2,	'2024-11-26',	NULL,	1),
(1947,	12,	2,	'2024-11-26',	NULL,	1),
(1948,	12,	2,	'2024-11-26',	NULL,	1),
(1949,	12,	2,	'2024-11-26',	NULL,	1),
(1950,	12,	2,	'2024-11-26',	NULL,	1),
(1951,	12,	2,	'2024-11-26',	NULL,	1),
(1952,	12,	2,	'2024-11-26',	NULL,	1),
(1953,	12,	2,	'2024-11-26',	NULL,	1),
(1954,	12,	2,	'2024-11-26',	NULL,	1),
(1955,	12,	2,	'2024-11-26',	NULL,	1),
(1956,	12,	2,	'2024-11-26',	NULL,	1),
(1957,	12,	2,	'2024-11-26',	NULL,	1),
(1958,	12,	2,	'2024-11-26',	NULL,	1),
(1959,	12,	2,	'2024-11-26',	NULL,	1),
(1960,	12,	2,	'2024-11-26',	NULL,	1),
(1961,	12,	2,	'2024-11-26',	NULL,	1),
(1962,	12,	2,	'2024-11-26',	NULL,	1),
(1963,	12,	2,	'2024-11-26',	NULL,	1),
(1964,	12,	2,	'2024-11-26',	NULL,	1),
(1965,	12,	2,	'2024-11-26',	NULL,	1),
(1966,	12,	2,	'2024-11-26',	NULL,	1),
(1967,	12,	2,	'2024-11-26',	NULL,	1),
(1968,	12,	2,	'2024-11-26',	NULL,	1),
(1969,	12,	2,	'2024-11-26',	NULL,	1),
(1970,	12,	2,	'2024-11-26',	NULL,	1),
(1971,	12,	2,	'2024-11-26',	NULL,	1),
(1972,	12,	2,	'2024-11-26',	NULL,	1),
(1973,	12,	2,	'2024-11-26',	NULL,	1),
(1974,	12,	2,	'2024-11-26',	NULL,	1),
(1975,	12,	2,	'2024-11-26',	NULL,	1),
(1976,	12,	2,	'2024-11-26',	NULL,	1),
(1977,	12,	2,	'2024-11-26',	NULL,	1),
(1978,	12,	2,	'2024-11-26',	NULL,	1),
(1979,	12,	2,	'2024-11-26',	NULL,	1),
(1980,	12,	2,	'2024-11-26',	NULL,	1),
(1981,	12,	2,	'2024-11-26',	NULL,	1),
(1982,	12,	2,	'2024-11-26',	NULL,	1),
(1983,	12,	2,	'2024-11-26',	NULL,	1),
(1984,	12,	2,	'2024-11-26',	NULL,	1),
(1985,	12,	2,	'2024-11-26',	NULL,	1),
(1986,	12,	2,	'2024-11-26',	NULL,	1),
(1987,	12,	2,	'2024-11-26',	NULL,	1),
(1988,	12,	2,	'2024-11-26',	NULL,	1),
(1989,	12,	2,	'2024-11-26',	NULL,	1),
(1990,	12,	2,	'2024-11-26',	NULL,	1),
(1991,	12,	2,	'2024-11-26',	NULL,	1),
(1992,	12,	2,	'2024-11-26',	NULL,	1),
(1993,	12,	2,	'2024-11-26',	NULL,	1),
(1994,	12,	2,	'2024-11-26',	NULL,	1),
(1995,	12,	2,	'2024-11-26',	NULL,	1),
(1996,	12,	2,	'2024-11-26',	NULL,	1),
(1997,	12,	2,	'2024-11-26',	NULL,	1),
(1998,	12,	2,	'2024-11-26',	NULL,	1),
(1999,	12,	2,	'2024-11-26',	NULL,	1),
(2000,	12,	2,	'2024-11-26',	NULL,	1),
(2001,	12,	2,	'2024-11-26',	NULL,	1),
(2002,	12,	2,	'2024-11-26',	NULL,	1),
(2003,	12,	2,	'2024-11-26',	NULL,	1),
(2004,	12,	2,	'2024-11-26',	NULL,	1),
(2005,	12,	2,	'2024-11-26',	NULL,	1),
(2006,	12,	2,	'2024-11-26',	NULL,	1),
(2007,	12,	2,	'2024-11-26',	NULL,	1),
(2008,	12,	2,	'2024-11-26',	NULL,	1),
(2009,	12,	2,	'2024-11-26',	NULL,	1),
(2010,	12,	2,	'2024-11-26',	NULL,	1),
(2011,	12,	2,	'2024-11-26',	NULL,	1),
(2012,	12,	2,	'2024-11-26',	NULL,	1),
(2013,	12,	2,	'2024-11-26',	NULL,	1),
(2014,	12,	2,	'2024-11-26',	NULL,	1),
(2015,	12,	2,	'2024-11-26',	NULL,	1),
(2016,	12,	2,	'2024-11-26',	NULL,	1),
(2017,	12,	2,	'2024-11-26',	NULL,	1),
(2018,	12,	2,	'2024-11-26',	NULL,	1),
(2019,	12,	2,	'2024-11-26',	NULL,	1),
(2020,	12,	2,	'2024-11-26',	NULL,	1),
(2021,	12,	2,	'2024-11-26',	NULL,	1),
(2022,	12,	2,	'2024-11-26',	NULL,	1),
(2023,	12,	2,	'2024-11-26',	NULL,	1),
(2024,	12,	2,	'2024-11-26',	NULL,	1),
(2025,	12,	2,	'2024-11-26',	NULL,	1),
(2026,	12,	2,	'2024-11-26',	NULL,	1),
(2027,	12,	2,	'2024-11-26',	NULL,	1),
(2028,	12,	2,	'2024-11-26',	NULL,	1),
(2029,	12,	2,	'2024-11-26',	NULL,	1),
(2030,	12,	2,	'2024-11-26',	NULL,	1),
(2031,	12,	2,	'2024-11-26',	NULL,	1),
(2032,	12,	2,	'2024-11-26',	NULL,	1),
(2033,	12,	2,	'2024-11-26',	NULL,	1),
(2034,	12,	2,	'2024-11-26',	NULL,	1),
(2035,	12,	2,	'2024-11-26',	NULL,	1),
(2036,	12,	2,	'2024-11-26',	NULL,	1),
(2037,	12,	2,	'2024-11-26',	NULL,	1),
(2038,	12,	2,	'2024-11-26',	NULL,	1),
(2039,	12,	2,	'2024-11-26',	NULL,	1),
(2040,	12,	2,	'2024-11-26',	NULL,	1),
(2041,	12,	2,	'2024-11-26',	NULL,	1),
(2042,	12,	2,	'2024-11-26',	NULL,	1),
(2043,	12,	2,	'2024-11-26',	NULL,	1),
(2044,	12,	2,	'2024-11-26',	NULL,	1),
(2045,	12,	2,	'2024-11-26',	NULL,	1),
(2046,	12,	2,	'2024-11-26',	NULL,	1),
(2047,	12,	2,	'2024-11-26',	NULL,	1),
(2048,	12,	2,	'2024-11-26',	NULL,	1),
(2049,	12,	2,	'2024-11-26',	NULL,	1),
(2050,	12,	2,	'2024-11-26',	NULL,	1),
(2051,	12,	2,	'2024-11-26',	NULL,	1),
(2052,	12,	2,	'2024-11-26',	NULL,	1),
(2053,	12,	2,	'2024-11-26',	NULL,	1),
(2054,	12,	2,	'2024-11-26',	NULL,	1),
(2055,	12,	2,	'2024-11-26',	NULL,	1),
(2056,	12,	2,	'2024-11-26',	NULL,	1),
(2057,	12,	2,	'2024-11-26',	NULL,	1),
(2058,	12,	2,	'2024-11-26',	NULL,	1),
(2059,	12,	2,	'2024-11-26',	NULL,	1),
(2060,	12,	2,	'2024-11-26',	NULL,	1),
(2061,	12,	2,	'2024-11-26',	NULL,	1),
(2062,	12,	2,	'2024-11-26',	NULL,	1),
(2063,	12,	2,	'2024-11-26',	NULL,	1),
(2064,	12,	2,	'2024-11-26',	NULL,	1),
(2065,	12,	2,	'2024-11-26',	NULL,	1),
(2066,	12,	2,	'2024-11-26',	NULL,	1),
(2067,	12,	2,	'2024-11-26',	NULL,	1),
(2068,	12,	2,	'2024-11-26',	NULL,	1),
(2069,	12,	2,	'2024-11-26',	NULL,	1),
(2070,	12,	2,	'2024-11-26',	NULL,	1),
(2071,	12,	2,	'2024-11-26',	NULL,	1),
(2072,	12,	2,	'2024-11-26',	NULL,	1),
(2073,	12,	2,	'2024-11-26',	NULL,	1),
(2074,	12,	2,	'2024-11-26',	NULL,	1),
(2075,	12,	2,	'2024-11-26',	NULL,	1),
(2076,	12,	2,	'2024-11-26',	NULL,	1),
(2077,	12,	2,	'2024-11-26',	NULL,	1),
(2078,	12,	2,	'2024-11-26',	NULL,	1),
(2079,	12,	2,	'2024-11-26',	NULL,	1),
(2080,	12,	2,	'2024-11-26',	NULL,	1),
(2081,	12,	2,	'2024-11-26',	NULL,	1),
(2082,	12,	2,	'2024-11-26',	NULL,	1),
(2083,	12,	2,	'2024-11-26',	NULL,	1),
(2084,	12,	2,	'2024-11-26',	NULL,	1),
(2085,	12,	2,	'2024-11-26',	NULL,	1),
(2086,	12,	2,	'2024-11-26',	NULL,	1),
(2087,	12,	2,	'2024-11-26',	NULL,	1),
(2088,	12,	2,	'2024-11-26',	NULL,	1),
(2089,	12,	2,	'2024-11-26',	NULL,	1),
(2090,	12,	2,	'2024-11-26',	NULL,	1),
(2091,	12,	2,	'2024-11-26',	NULL,	1),
(2092,	12,	2,	'2024-11-26',	NULL,	1),
(2093,	12,	2,	'2024-11-26',	NULL,	1),
(2094,	12,	2,	'2024-11-26',	NULL,	1),
(2095,	12,	2,	'2024-11-26',	NULL,	1),
(2096,	12,	2,	'2024-11-26',	NULL,	1),
(2097,	12,	2,	'2024-11-26',	NULL,	1),
(2098,	12,	2,	'2024-11-26',	NULL,	1),
(2099,	12,	2,	'2024-11-26',	NULL,	1),
(2100,	12,	2,	'2024-11-26',	NULL,	1),
(2101,	12,	2,	'2024-11-26',	NULL,	1),
(2102,	12,	2,	'2024-11-26',	NULL,	1),
(2103,	12,	2,	'2024-11-26',	NULL,	1),
(2104,	12,	2,	'2024-11-26',	NULL,	1),
(2105,	12,	2,	'2024-11-26',	NULL,	1),
(2106,	12,	2,	'2024-11-26',	NULL,	1),
(2107,	12,	2,	'2024-11-26',	NULL,	1),
(2108,	12,	2,	'2024-11-26',	NULL,	1),
(2109,	12,	2,	'2024-11-26',	NULL,	1),
(2110,	12,	2,	'2024-11-26',	NULL,	1),
(2111,	12,	2,	'2024-11-26',	NULL,	1),
(2112,	12,	2,	'2024-11-26',	NULL,	1),
(2113,	12,	2,	'2024-11-26',	NULL,	1),
(2114,	12,	2,	'2024-11-26',	NULL,	1),
(2115,	12,	2,	'2024-11-26',	NULL,	1),
(2116,	12,	2,	'2024-11-26',	NULL,	1),
(2117,	12,	2,	'2024-11-26',	NULL,	1),
(2118,	12,	2,	'2024-11-26',	NULL,	1),
(2119,	12,	2,	'2024-11-26',	NULL,	1),
(2120,	12,	2,	'2024-11-26',	NULL,	1),
(2121,	12,	2,	'2024-11-26',	NULL,	1),
(2122,	12,	2,	'2024-11-26',	NULL,	1),
(2123,	12,	2,	'2024-11-26',	NULL,	1),
(2124,	12,	2,	'2024-11-26',	NULL,	1),
(2125,	12,	2,	'2024-11-26',	NULL,	1),
(2126,	12,	2,	'2024-11-26',	NULL,	1),
(2127,	12,	2,	'2024-11-26',	NULL,	1),
(2128,	12,	2,	'2024-11-26',	NULL,	1),
(2129,	12,	2,	'2024-11-26',	NULL,	1),
(2130,	12,	2,	'2024-11-26',	NULL,	1),
(2131,	12,	2,	'2024-11-26',	NULL,	1),
(2132,	12,	2,	'2024-11-26',	NULL,	1),
(2133,	12,	2,	'2024-11-26',	NULL,	1),
(2134,	12,	2,	'2024-11-26',	NULL,	1),
(2135,	12,	2,	'2024-11-26',	NULL,	1),
(2136,	12,	2,	'2024-11-26',	NULL,	1),
(2138,	1,	2,	'2024-12-03',	NULL,	1),
(2139,	3,	13,	'2024-12-03',	NULL,	1),
(2140,	12,	11,	'2024-12-04',	2,	2),
(2142,	12,	11,	'2024-12-11',	2,	2),
(22532,	3,	3,	'2025-01-11',	NULL,	1);

-- 2025-01-11 19:17:20
